rank,player,hashtag_id,team,pos,age,keeper_value
1,Victor Wembanyama,110399,SA,C,22.7,2529
2,Cooper Flagg,120207,DAL,SG/SF/PF,19.8,2365
3,Shai Gilgeous-Alexander,15208,OKC,PG,28.2,2349
4,Nikola Jokic,9196,DEN,C,31.6,2312
5,Luka Doncic,15200,LAL,PG/SG,27.6,2276
6,Cade Cunningham,31030,DET,PG/SG,25.0,2269
7,Anthony Edwards,27638,MIN,PG/SG,25.1,2127
8,Tyrese Maxey,27450,PHI,PG,25.9,2124
9,Jalen Johnson,31049,ATL,SF/PF,24.8,2121
10,Scottie Barnes,31033,TOR,SF/PF/C,25.2,2031
11,Jayson Tatum,13730,BOS,SF/PF,28.6,2017
12,Tyrese Haliburton,27619,IND,PG/SG,26.6,1947
13,Dylan Harper,120208,SA,PG/SG,20.6,1945
14,Alperen Sengün,31045,HOU,PF/C,24.2,1924
15,Cameron Boozer,120369,MEM,PF,19.2,1920
16,Chet Holmgren,38617,OKC,PF/C,24.4,1903
17,Amen Thompson,111204,HOU,PG/SG,23.7,1896
18,LaMelo Ball,27469,MIN,PG,25.1,1864
19,Caleb Wilson,120370,CHI,PF,20.2,1860
20,Evan Mobley,31032,CLE,PF/C,25.3,1845
21,Giannis Antetokounmpo,9325,MIA,PF/C,31.8,1837
22,2027 Draft (Pick 1),120350,DRA,,,1831
23,Stephon Castle,120002,SA,PG/SG,21.9,1824
24,AJ Dybantsa,120367,WAS,SF,19.7,1817
25,Trey Murphy III,31046,NO,SG/SF,26.3,1811
26,Deni Avdija,27454,POR,SG/SF/PF,25.7,1811
27,Paolo Banchero,38840,ORL,PF,23.9,1809
28,Brandon Miller,110400,CHA,SF/PF,23.9,1784
29,Jalen Brunson,15280,NY,PG,30.1,1779
30,2027 Draft (Pick 2),120351,DRA,,,1770
31,Donovan Mitchell,13741,CLE,PG/SG,30.1,1759
32,Alexandre Sarr,120000,WAS,C,21.4,1757
33,Jalen Williams,38949,OKC,SF/PF,25.5,1756
34,VJ Edgecombe,120210,PHI,PG/SG,21.2,1752
35,Karl-Anthony Towns,9346,NY,PF/C,30.9,1738
36,Darryn Peterson,120368,UTA,SG,19.7,1736
37,Kon Knueppel,120214,CHA,SG/SF,21.2,1726
38,Austin Reaves,35041,LAL,PG/SG/SF,28.3,1724
39,Trae Young,15202,WAS,PG,28.0,1709
40,Devin Booker,9434,PHO,PG/SG,29.9,1703
41,Franz Wagner,31037,ORL,SF/PF,25.1,1690
42,Josh Giddey,31035,CHI,PG/SG,24.0,1675
43,Walker Kessler,38790,LAL,C,25.2,1674
44,Matas Buzelis,120011,CHI,SF/PF,22.0,1671
45,2027 Draft (Pick 3-4),120352,DRA,,,1666
46,Jalen Duren,38848,DET,C,22.9,1663
47,Jaren Jackson Jr.,15201,UTA,PF/C,27.0,1654
48,Jaylen Brown,10090,PHI,SG/SF/PF,29.9,1650
49,Keyonte George,111212,UTA,PG/SG,22.9,1645
50,Jamal Murray,10134,DEN,PG,29.6,1641
51,Lauri Markkanen,13734,UTA,SF/PF,29.4,1624
52,Donovan Clingan,120003,POR,C,22.6,1612
53,Bam Adebayo,13742,MIA,PF/C,29.2,1589
54,Darius Garland,17191,LAC,PG,26.7,1588
55,Ausar Thompson,111205,DET,SG/SF/PF,23.7,1519
56,Collin Murray-Boyles,120217,TOR,PF/C,21.3,1516
57,Ace Bailey,120209,UTA,SF/PF,20.1,1515
58,Onyeka Okongwu,27342,ATL,C,25.8,1515
59,Domantas Sabonis,10113,SAC,PF/C,30.4,1503
60,Kevin Durant,9386,HOU,SG/SF/PF,38.0,1500
61,Derik Queen,120216,NO,PF/C,21.8,1500
62,Dyson Daniels,39833,ATL,SG/SF,23.5,1499
63,De'Aaron Fox,13732,SA,PG,28.8,1489
64,Stephen Curry,9218,GS,PG,38.5,1487
65,Zach Edey,120018,MEM,C,24.4,1485
66,Jaden McDaniels,27700,MIN,SF,26.0,1479
67,Darius Acuff Jr.,120372,SAC,PG,19.9,1477
68,Zion Williamson,16958,NO,PF/C,26.2,1473
69,Tyler Herro,17295,MIL,PG/SG,26.7,1466
70,OG Anunoby,13750,NY,SF/PF,29.2,1462
71,Cason Wallace,109469,OKC,PG/SG/SF,22.9,1454
72,2027 Draft (Pick 5-8),120353,DRA,,,1454
73,Anthony Davis,9354,WAS,PF/C,33.6,1450
74,Desmond Bane,27649,ORL,SG/SF,28.3,1448
75,Brandon Ingram,10149,LAC,SG/SF/PF,29.1,1445
76,Derrick White,13755,BOS,PG/SG,32.2,1440
77,Pascal Siakam,10123,IND,PF/C,32.5,1428
78,Ivica Zubac,10169,IND,C,29.5,1427
79,Kel'el Ware,120030,MIL,C,22.4,1427
80,Egor Demin,120218,BKN,PG/SG,20.6,1424
81,Jabari Smith Jr.,38797,HOU,PF/C,23.4,1415
82,Mikel Brown Jr.,120375,BKN,PG,20.5,1412
83,Nickeil Alexander-Walker,17208,ATL,PG/SG,28.1,1399
84,Jalen Suggs,31034,ORL,PG/SG,25.3,1394
85,Immanuel Quickley,27724,TOR,PG/SG,27.3,1390
86,James Harden,9232,CLE,PG/SG,37.1,1387
87,Brayden Burries,120376,MIL,SG,21.0,1383
88,Keaton Wagler,120371,LAC,SG,19.7,1383
89,Naz Reid,17285,CHA,PF/C,27.1,1373
90,Cedric Coward,120234,MEM,SG/SF,23.0,1369
91,Ayo Dosunmu,31067,MIN,PG/SG,26.7,1366
92,Nicolas Claxton,17252,CHI,C,27.5,1364
93,Michael Porter Jr.,15211,BKN,SF/PF,28.3,1355
94,Kyrie Irving,9157,DAL,PG,34.5,1352
95,Kingston Flemings,120373,ATL,PG,19.7,1351
96,Ja Morant,17189,POR,PG,27.1,1349
97,Kyshawn George,120020,WAS,SG/SF/PF,22.8,1348
98,Jeremiah Fears,120211,NO,PG/SG,20.0,1340
99,Dejounte Murray,10165,NO,PG,30.0,1339
100,Isaiah Hartenstein,15281,OKC,C,28.4,1335
101,Kawhi Leonard,9476,TOR,SG/SF/PF,35.3,1333
102,Ajay Mitchell,120041,OKC,PG/SG,24.3,1333
103,RJ Barrett,17181,TOR,SG/SF/PF,26.3,1332
104,Anthony Black,111206,ORL,PG/SG/SF,22.7,1324
105,Mikal Bridges,15207,NY,SF/PF,30.1,1322
106,Jarrett Allen,13749,CLE,C,28.4,1319
107,Reed Sheppard,120004,HOU,PG/SG,22.3,1306
108,Shaedon Sharpe,38941,POR,PG/SG,23.3,1296
109,Jalen Green,31031,PHO,SG/SF,24.6,1289
110,Coby White,17193,CHA,PG/SG,26.6,1287
111,Joel Embiid,9418,PHI,C,32.5,1281
112,Julius Randle,9282,BKN,PF,31.8,1281
113,Payton Pritchard,27718,BOS,PG,28.7,1280
114,Toumani Camara,111248,POR,SF/PF,26.4,1280
115,Keegan Murray,38942,SAC,SF/PF,26.1,1274
116,Mark Williams,38835,PHO,C,24.8,1263
117,Labaron Philon Jr.,120380,PHI,PG,20.8,1263
118,Myles Turner,9252,MIL,C,30.5,1258
119,Yaxel Lendeborg,120377,GS,PF,24.0,1255
120,Ryan Rollins,38954,MIL,PG/SG,24.2,1250
121,Khaman Maluach,120213,PHO,C,20.0,1245
122,Morez Johnson Jr.,120389,DAL,PF,20.7,1244
123,Jaime Jaquez Jr.,111214,MIL,SG/SF/PF,25.6,1241
124,Rudy Gobert,9503,MIN,C,34.3,1239
125,2027 Draft (Pick 9-14),120354,DRA,,,1238
126,Bilal Coulibaly,109467,WAS,SG/SF,22.2,1237
127,Day'Ron Sharpe,31058,BKN,C,24.9,1234
128,Devin Vassell,27644,SA,SG/SF,26.1,1232
129,Scoot Henderson,111203,POR,PG,22.7,1232
130,Dereck Lively II,109470,DAL,C,22.6,1228
131,Paul George,9250,BOS,SF/PF,36.4,1228
132,Josh Hart,13756,NY,SG/SF,31.6,1228
133,Brandin Podziemski,111215,GS,PG/SG,23.6,1226
134,Peyton Watson,38944,CLE,SF/PF,24.0,1225
135,Zach LaVine,9343,SAC,PG/SG/SF,31.6,1222
136,Christian Braun,38570,DEN,SG/SF/PF,25.5,1212
137,Tre Johnson,120212,WAS,PG/SG/SF,20.6,1206
138,Hannes Steinbach,120379,CHA,PF,20.4,1206
139,Miles Bridges,15209,PHO,PF,28.5,1204
140,LeBron James,9158,PHI,SF/PF,41.7,1203
142,Andrew Nembhard,38614,IND,PG/SG,26.7,1201
143,Ryan Kalkbrenner,120239,CHA,C,24.7,1201
146,Fred VanVleet,10124,HOU,PG,32.6,1192
148,Cameron Johnson,17197,DEN,SF/PF,30.6,1189
150,Andrew Wiggins,9342,MIA,SG/SF/PF,31.6,1188
151,Moussa Diabaté,38955,CHA,C,24.7,1187
152,Jonathan Kuminga,31036,MIN,SF/PF,24.0,1185
153,Allen Graves,120396,TOR,PF,20.2,1182
154,John Collins,13737,DET,PF/C,29.0,1179
155,Dillon Brooks,13786,PHO,SF/PF,30.7,1176
156,Tari Eason,38950,HOU,SG/SF/PF,25.4,1176
157,Norman Powell,9500,CHI,SG/SF,33.3,1172
158,Santi Aldama,31059,DAL,PF,25.7,1171
159,Collin Gillespie,39847,PHO,PG/SG,27.3,1171
160,Jared McCain,120009,OKC,PG/SG,22.6,1170
161,Jaylen Wells,120079,MEM,SG/SF,23.1,1170
162,Davion Mitchell,31038,MIA,PG,28.1,1170
163,Bennedict Mathurin,38940,NO,SG/SF,24.3,1166
164,Malik Monk,13739,SAC,PG/SG,28.6,1165
165,Yanic Konan Niederhauser,120236,LAC,C,23.5,1161
166,Maxime Raynaud,120244,SAC,C,23.5,1159
167,Cameron Carr,120387,LAL,SG,21.9,1159
168,Kevin Porter Jr.,17286,MIL,PG/SG,26.4,1159
169,Joan Beringer,120230,MIN,PF/C,19.9,1154
170,Anfernee Simons,15221,PHI,PG/SG,27.3,1151
171,Aaron Nesmith,27883,IND,SG/SF,27.0,1151
172,Max Christie,38582,DAL,SG/SF,23.6,1149
173,Isaiah Collier,120015,UTA,PG/SG,22.0,1148
174,Nate Ament,120374,MIL,SF,19.8,1148
175,Zaccharie Risacher,120005,DAL,SF/PF,21.5,1147
176,Herbert Jones,31064,NO,SG/SF,28.0,1147
177,Aaron Gordon,9406,DEN,PF/C,31.0,1147
178,Aday Mara,120378,OKC,C,21.5,1143
179,Damian Lillard,9445,POR,PG,36.2,1142
180,Daniss Jenkins,120118,DET,PG/SG,25.1,1139
181,Ty Jerome,17304,MEM,PG/SG,29.2,1136
182,Robert Williams III,15224,POR,C,29.0,1134
183,2027 Draft (Pick 15-30),120355,DRA,,,1132
184,Isaiah Stewart,27622,MEM,PF/C,25.4,1130
185,Carlton Carrington,120039,WAS,PG/SG,21.2,1129
186,Oso Ighodaro,120051,PHO,C,24.2,1127
187,Kyle Filipowski,120014,UTA,PF/C,22.9,1126
188,Dailyn Swain,120388,CHI,SF,21.2,1125
189,Ebuka Okorie,120391,DET,PG,19.5,1124
190,Joshua Jefferson,120392,BKN,PF,22.9,1123
191,Neemias Queta,31068,BOS,C,27.2,1123
192,P.J. Washington,17273,DAL,PF/C,28.1,1123
193,Christian Anderson,120382,CHA,PG,20.5,1122
194,Jaylon Tyson,120023,CLE,SG/SF/PF,23.8,1121
195,Grayson Allen,15218,CHA,SG/SF,31.0,1119
196,Jayden Quaintance,120383,SA,PF,19.2,1119
197,Hugo González,120232,BOS,SG/SF,20.6,1118
198,Carter Bryant,120222,SA,SF/PF,20.8,1118
199,Terrence Shannon Jr.,120063,MIN,SG/SF,26.2,1118
200,Gui Santos,39844,GS,SF/PF,24.3,1117
201,Deandre Ayton,15198,WAS,C,28.2,1117
202,Isaiah Evans,120384,MIN,SG,20.8,1117
203,Koa Peat,120385,PHO,PF,19.7,1110
204,Nique Clifford,120226,SAC,SG/SF,24.6,1104
205,AJ Johnson,120037,NO,PG/SG,23.8,1104
206,Jarace Walker,109468,IND,SF/PF,23.1,1103
207,Will Riley,120220,WAS,SF/PF,20.6,1102
208,Justin Champagnie,31159,WAS,SF/PF,25.3,1100
209,Noah Clowney,111217,BKN,PF/C,22.2,1098
210,Tristan Thompson,9169,CLE,C,35.5,1098
211,2027 Draft (Pick 31-44),120356,DRA,,,1098
212,Karim Lopez,120395,MEM,SF,19.5,1098
213,Donte DiVincenzo,15214,MIN,SG/SF,29.7,1097
214,Daniel Gafford,17259,DAL,C,28.0,1095
215,Dylan Cardwell,120282,SAC,PF/C,24.8,1093
216,Jimmy Butler,9152,GS,SF/PF,37.0,1092
217,Jordan Poole,17329,NO,PG/SG,27.3,1091
218,Taylor Hendricks,111207,MEM,PF/C,22.9,1090
219,Rui Hachimura,17195,LAC,SF/PF,28.6,1089
220,Spencer Jones,120146,DEN,SF/PF,25.3,1088
221,Cam Spencer,120065,MEM,PG/SG,26.5,1086
222,2027 Draft (Pick 45-60),120357,DRA,,,1084
223,Robin Lopez,9378,FA,C,38.5,1083
224,Thomas Sorber,120225,OKC,C,20.8,1082
225,Victor Oladipo,9402,FA,PG/SG,34.4,1081
226,Blake Hinson,120117,UTA,,26.8,1080
227,Walter Clayton Jr.,120227,MEM,PG/SG,23.6,1079
228,CJ McCollum,9447,ATL,PG/SG,35.0,1078
229,R.J. Hampton,27704,FA,PG/SG,25.6,1077
230,Jordan Nwora,27689,FA,SF/PF,28.1,1076
231,Collin Sexton,15205,LAL,PG/SG,27.7,1076
232,Chris Livingston,111254,CLE,SF,23.0,1075
233,DJ Steward,120091,CHI,,25.0,1075
234,Myron Gardner,120339,MIA,SG/SF,25.4,1073
235,Khem Birch,13804,FA,C,34.0,1073
236,Kobe Sanders,120257,LAC,SG/SF,24.3,1072
237,Jamison Battle,120130,TOR,SF/PF,25.4,1071
238,Miles Kelly,120278,DAL,,23.7,1070
239,Kobi Simmons,13815,FA,PG,29.2,1069
240,Nikola Vucevic,9412,ORL,C,35.9,1069
241,Tobias Harris,9212,SA,PF,34.2,1069
242,Asa Newell,120223,ATL,PF/C,21.0,1068
243,Jamir Watkins,120252,WAS,SG/SF,25.2,1068
244,Braxton Key,37656,GS,SF/PF,29.6,1067
245,Gabe McGlothan,120141,BOS,,27.6,1066
246,Ben Saraf,120233,BKN,SG,20.5,1065
247,Trevon Brazile,120411,DEN,PF,23.7,1065
248,Isaiah Roby,17284,FA,PF/C,28.7,1065
249,Bruno Fernando,17327,TOR,C,28.1,1064
250,Cam Whitmore,111216,DEN,SF/PF,22.2,1064
251,Gradey Dick,111209,LAC,SG/SF,22.9,1064
252,Ryan Conwell,120413,MIA,SG,22.3,1064
253,Tyler Bilodeau,120418,BKN,PF,22.5,1064
254,Mark Sears,120272,MIL,,24.6,1064
255,Colin Castleton,120102,ORL,PF/C,26.3,1064
256,Branden Carlson,120119,POR,C,27.3,1064
257,Pat Spencer,120100,PHO,PG/SG,30.2,1063
258,Sergio de Larrea,120407,DAL,PG,20.8,1062
259,Alex Ducas,120087,OKC,,25.8,1062
260,Tristan Da Silva,120016,ORL,SF/PF,25.4,1062
261,Tarris Reed Jr.,120408,SA,C,23.2,1061
262,Daeqwon Plowden,120099,SAC,SG/SF,28.1,1061
263,Leaky Black,120111,WAS,SF/PF,27.3,1061
264,Sharife Cooper,120343,WAS,PG,25.3,1061
265,Danny Wolf,120221,BKN,PF/C,22.4,1061
266,Javon Small,120256,MEM,PG/SG,23.8,1061
267,Max Fiedler,120125,PHI,,25.6,1060
268,Jaylin Williams,120120,DEN,,26.2,1059
269,Jeff Dowtin Jr.,120095,PHI,PG/SG,29.4,1059
270,Taelon Peter,120261,SA,,24.6,1059
271,Richie Saunders,120410,MEM,SG,25.0,1059
272,Justin Minaya,79724,POR,SG/SF,27.5,1059
273,Mouhamed Gueye,111235,ATL,PF/C,23.9,1059
274,Doug McDermott,9148,SAC,SF/PF,34.7,1059
275,Thanasis Antetokounmpo,9560,MIL,PF,34.2,1058
276,Wendell Carter Jr.,15204,ORL,C,27.5,1058
277,Moussa Cisse,120287,DAL,C,,1058
278,Isaiah Stevens,120143,SAC,PG,25.9,1057
279,Otto Porter Jr.,9524,FA,SG/SF,33.3,1057
280,Ron Harper Jr.,39850,BOS,SF,26.5,1057
281,Kristaps Porzingis,9373,GS,C,31.2,1056
282,DeMar DeRozan,9489,DEN,SF/PF,37.1,1056
283,Elijah Harkless,120188,DET,PG/SG,26.7,1056
284,Hunter Sallis,120270,PHI,,23.5,1056
285,Hunter Dickinson,120277,NO,,25.8,1056
286,Christian Koloko,38957,NO,C,26.3,1055
287,Brooks Barnhizer,120253,OKC,,24.6,1054
288,Josh Oduro,120129,NO,,26.0,1053
289,Maliq Brown,120419,SA,SF,22.9,1053
290,Tristan Vukcevic,111238,WAS,C,23.6,1053
291,Mac McClung,31220,CHI,PG/SG,25.7,1052
292,Javonte Green,120163,DET,SG/SF,33.2,1052
293,Tosan Evbuomwan,120109,CHA,SF/PF,25.6,1052
294,Jaylen Martin,120104,WAS,,22.7,1051
295,Pete Nance,120193,MIL,SF/PF,26.6,1051
296,Tyrese Proctor,120243,CLE,PG/SG,22.5,1051
297,Felix Okpara,120421,WAS,PF,22.4,1051
298,Brandon Boston Jr,31080,NO,SG,24.8,1051
299,Brandon Williams,37446,GS,PG,26.9,1050
300,Reece Beekman,120058,BKN,PG,25.0,1050
301,Kasparas Jakucionis,120215,MIL,PG/SG,20.3,1050
302,Jaylin Galloway,120113,MIL,,23.8,1050
303,Ulrich Chomche,120062,TOR,C,20.7,1049
304,Trey Alexander,120038,UTA,PG/SG,24.4,1048
305,Nikola Topic,120001,OKC,PG,21.1,1048
306,Josh Christopher,31053,MIA,PG/SG,24.8,1048
307,Nate Hinton,27467,HOU,SG/SF,27.3,1046
308,Montrezl Harrell,9244,FA,C,32.7,1045
309,Isaiah Todd,31060,FA,PF/C,25.0,1045
310,Jesse Edwards,120080,MIN,C,26.5,1045
311,Jazian Gortman,120107,DAL,,23.5,1045
312,Micah Peavy,120251,MEM,SF/PF,25.2,1045
313,Ernest Udeh Jr.,120405,CLE,C,22.7,1045
314,Malique Lewis,120402,MIL,PF,21.9,1044
315,Nolan Traoré,120231,BKN,PG,20.3,1044
316,Antonio Reeves,120057,CHA,SG/SF,25.9,1044
317,Kevin Knox II,15206,GS,SF,27.1,1044
318,Jamaree Bouyea,53703,PHO,PG,27.3,1042
319,Liam McNeeley,120224,CHA,SF,21.0,1042
320,Oscar Tshiebwe,120108,HOU,PF/C,26.8,1042
321,David Duke Jr.,120093,SA,,27.0,1042
322,Bennett Stirtz,120386,OKC,PG,23.0,1041
323,Justin Holiday,9155,FA,SG/SF,37.5,1041
324,Darius Bazley,17240,FA,PF,26.3,1040
325,Ron Holland II,120010,DET,SF/PF,21.2,1040
326,Alex Karaban,120393,SAC,SF,23.9,1040
327,Mohamed Diawara,120258,NY,PF,21.4,1040
328,Rob Dillingham,120007,CHI,PG/SG,21.7,1039
329,Justin Edwards,120032,PHI,SF/PF,22.8,1039
330,Keshad Johnson,120066,MIA,SF/PF,25.3,1038
331,Juan Toscano-Anderson,17423,FA,SF,33.5,1038
332,Jakob Poeltl,10122,TOR,C,31.0,1038
333,Adam Flagler,120086,SAC,,26.8,1038
334,Tyrese Martin,120171,PHI,SG/SF,27.6,1037
335,Amari Williams,120255,BOS,,24.7,1037
336,Alex O'Connell,120101,NY,,27.3,1036
337,Anton Watson,120114,NY,,26.0,1036
338,Bruce Thornton,120409,HOU,PG,23.0,1035
339,Jalen Bridges,120050,PHO,SF,25.4,1035
340,Theo Maledon,27642,FA,PG,25.3,1035
341,Jordan Miller,111244,LAC,SG/SF,26.7,1034
342,Jacob Toppin,120105,ATL,,26.4,1034
343,D.J. Carton,120092,TOR,,26.1,1034
344,RayJ Dennis,120136,ATL,PG,25.5,1033
345,Jaden Ivey,38635,CHI,PG/SG,24.6,1033
346,Jae Crowder,9107,SAC,SF/PF,36.2,1032
347,Otega Oweh,120416,OKC,SG,23.3,1032
348,Ryan Nembhard,120280,CHA,PG,23.6,1031
349,Drew Peterson,120106,CHA,,26.9,1029
350,Cam Thomas,31056,MIL,PG/SG,25.0,1029
351,Scotty Pippen Jr.,53593,MEM,PG,25.9,1029
352,Joe Harris,9540,FA,SG/SF,35.1,1028
353,Tyler Wahl,120122,MIN,,25.6,1028
354,Isaiah Crawford,120115,HOU,,24.9,1027
355,Drake Powell,120228,BKN,PG/SG,21.1,1027
356,Bryce Hopkins,120424,DEN,SF,24.1,1027
357,Vsevolod Ishchenko,120399,DAL,PG,21.6,1027
358,Chris Cenac Jr.,120381,BOS,PF,19.7,1027
359,Ja'Kobe Walter,120012,TOR,PG/SG,22.1,1027
360,Wendell Moore Jr.,38841,DET,SG/SF,25.0,1026
361,Boo Buie,120133,NY,,26.8,1026
362,Tolu Smith,120190,DET,,26.2,1025
363,Xavier Johnson,120121,DAL,,26.6,1025
364,Chris Youngblood,120345,POR,SG,24.6,1025
365,Saben Lee,27621,FA,PG,27.3,1025
366,Furkan Korkmaz,13806,FA,SG/SF,29.2,1025
367,Malcolm Hill,120089,NO,,30.9,1024
368,Tristan Enaruna,120135,CLE,,25.3,1024
369,Chris Mañon,120341,LAL,,24.8,1023
370,Yang Hansen,120235,POR,C,21.3,1023
371,Meleek Thomas,120390,CLE,SG,20.1,1023
372,Kevon Harris,27725,HOU,SG,29.3,1023
373,Tristen Newton,120077,HOU,SG/SF,25.4,1022
374,Hamidou Diallo,15250,FA,SG,28.2,1022
375,Zuby Ejiofor,120394,ATL,PF,22.4,1022
376,Johni Broome,120241,LAC,C,24.2,1022
377,Emanuel Miller,120144,SA,,26.3,1021
378,Mason Jones,120090,SAC,SG/SF,28.2,1021
379,Aaron Nkrumah,120398,DEN,SG,24.8,1021
380,Emanuel Sharp,120420,SAC,SG,22.6,1021
381,Dillon Mitchell,120397,BOS,PF,23.0,1020
382,Jordan Hawkins,111210,MEM,SG/SF,24.4,1020
383,Kobe Bufkin,111211,NO,PG/SG,23.0,1019
384,Keon Ellis,53595,BKN,SG/SF,26.7,1018
385,Sam Hauser,36104,BOS,SF/PF,28.8,1018
386,Noa Essengue,120229,CHI,PF,19.8,1017
387,Jase Richardson,120219,ORL,PG/SG,21.0,1017
388,Alijah Martin,120248,TOR,PG/SG,24.8,1015
389,Graham Ike,120403,GS,PF,24.2,1015
390,Chimezie Metu,15322,FA,PF/C,29.5,1015
391,Oshae Brissett,17211,PHI,SF/PF,28.3,1015
392,Cody Williams,120006,MIN,SG/SF,21.9,1014
393,Baba Miller,120412,LAC,PF,22.6,1013
394,Nikola Djurisic,120059,ATL,SF,22.6,1012
395,Julian Phillips,111231,HOU,SF/PF,22.9,1012
396,Lindy Waters III,37944,SA,SG/SF,29.2,1011
397,Armando Bacot,120137,MEM,,26.6,1011
398,Alex Fudge,120103,DAL,,23.4,1010
399,Mark Mitchell,120406,DEN,SF,23.1,1010
400,Patrick Williams,27627,CHI,SF/PF,25.1,1010
401,Cam Christie,120056,LAC,SG/SF,21.2,1010
402,Joshua Primo,31041,FA,SG,23.8,1009
403,Bradley Beal,9523,LAC,SG/SF,33.3,1009
404,Thaddeus Young,9119,FA,PF/C,38.3,1009
405,Jack Kayil,120415,NY,SG,20.7,1009
406,Noah Penda,120242,ORL,SF/PF,21.7,1009
407,Malachi Flynn,27645,SA,PG,28.4,1008
408,DaRon Holmes II,120022,DEN,PF/C,24.1,1008
409,Brice Sensabaugh,111224,UTA,SG/SF/PF,22.9,1008
410,Hunter Tyson,111233,BKN,PF,26.3,1008
411,N'Faly Dante,120076,ATL,C,24.9,1007
412,Adem Bona,120043,PHI,C,23.5,1005
413,Tidjane Salaun,120027,CHA,PF/C,21.1,1005
414,De'Anthony Melton,15316,GS,PG/SG,28.3,1005
415,Mitchell Robinson,15282,BOS,C,28.5,1005
416,Sion James,120246,CHA,SG/SF,23.8,1005
417,Mark Armstrong,120128,BKN,,22.6,1005
418,Malevy Leons,120127,GS,PF,27.0,1004
419,Nate Williams,79723,GS,SF,27.6,1004
420,Ricky Council IV,111256,ORL,SG/SF,25.2,1003
421,Dylan Windler,17231,FA,SF,30.0,1002
422,Rasheer Fleming,120237,PHO,PF/C,22.2,1002
423,Melvin Ajinca,120064,DAL,SF,22.3,1001
424,Eugene Omoruyi,35223,MIN,SF/PF,29.6,1001
425,Yves Missi,120029,NO,C,22.4,1000
426,Seth Lundy,111242,LAC,SF,26.5,1000
427,Devin Carter,120013,BOS,PG/SG,24.5,999
428,Nikola Jovic,39836,MIA,PF/C,23.3,999
429,Miles McBride,31065,NY,PG/SG,26.1,999
430,Evan Fournier,9399,FA,SG/SF,33.9,999
431,Trendon Watford,31122,NO,PF,25.9,998
432,Braden Smith,120414,IND,PG,23.2,998
433,Tyler Nickel,120422,NY,SF,23.1,997
434,Pelle Larsson,120067,MIA,SG/SF,25.6,997
435,Marcus Domask,120138,CHI,,26.3,996
436,Samkelo Cele,120147,NY,,28.8,995
437,Mamadi Diakite,27697,PHO,PF,29.7,995
438,Quincy Guerrier,120123,TOR,,27.4,994
439,Max Abmas,120131,UTA,,25.5,993
440,Trevelin Queen,27626,ORL,SG/SF,29.6,993
441,Vít Krejcí,111260,POR,SG/SF,26.3,993
442,Danny Green,9477,FA,SG,39.3,993
443,Moses Moody,31043,GS,SG/SF/PF,24.3,992
444,Trevon Scott,120364,BKN,SF,29.8,992
445,Michael Ajayi,120400,CHA,SF,23.4,992
446,Trentyn Flowers,120054,CHI,,21.6,991
447,Dalton Knecht,120008,LAL,SG/SF,25.4,990
448,Chaz Lanier,120245,DET,SG,24.8,990
449,Kevin McCullar Jr.,120024,NY,SF/PF,25.5,989
450,Kendall Brown,38952,IND,SF,23.4,989
451,Clint Capela,9237,HOU,C,32.4,989
452,Svi Mykhailiuk,15353,UTA,SG/SF,29.3,989
453,Stanley Umude,53606,SA,SG,27.5,988
454,Cole Swider,53592,DET,PF,27.4,987
455,GG Jackson II,111241,MEM,SF/PF/C,21.8,987
456,Luke Kennard,13740,PHO,SG/SF,30.3,987
457,Adou Thiero,120238,LAL,SF/PF,22.4,987
458,Tyrese Samuel,120134,PHO,,26.6,987
459,Jahmir Young,120140,MIA,,26.1,986
460,Jermaine Samuels Jr.,120097,HOU,,27.9,986
461,Craig Porter Jr.,111258,CLE,PG/SG,26.6,986
462,Usman Garuba,31052,FA,PF/C,25.6,986
463,Duane Washington Jr.,31136,FA,SG,26.5,984
464,Aaron Estrada,120085,DET,,25.7,984
465,Luke Travers,120172,CLE,SF,25.1,984
466,Tre Donaldson,120404,MIA,PG,22.8,984
467,Damian Jones,10172,FA,C,31.2,982
468,KJ Jones II,120126,BKN,,26.5,981
469,James Johnson,9493,IND,PF,39.6,980
470,James Nnaji,111227,FA,C,22.1,980
471,Nerlens Noel,9413,FA,C,32.5,979
472,Jerami Grant,9419,MEM,SF/PF,32.6,977
473,Danuel House Jr.,10173,FA,SF,33.3,977
474,Danilo Gallinari,9187,FA,SF,38.1,977
475,Jusuf Nurkic,9192,UTA,C,32.1,975
476,Vince Williams Jr.,38953,UTA,PG/SG,26.1,975
477,Terry Rozier,9105,MIA,PG,32.5,973
478,Max Strus,17276,LAC,SF/PF,30.5,973
479,Ja'Kobi Gillespie,120417,SA,PG,22.6,973
480,Reggie Bullock,9204,FA,SF/PF,35.5,972
481,Jalen Smith,27683,CHI,PF/C,26.5,972
482,Trayce Jackson-Davis,111253,TOR,C,26.6,971
483,Tobi Lawal,120423,DAL,PF,23.4,971
484,Jrue Holiday,9355,POR,PG/SG,36.3,970
485,D'Angelo Russell,9285,MEM,PG/SG,30.6,970
486,Lonzo Ball,13728,UTA,PG/SG,28.9,969
487,James Bouknight,31040,FA,SG,26.0,968
488,Armel Traore,120116,LAL,,23.7,968
489,Koby Brea,120247,PHO,SG,23.9,966
490,Jonathan Mogbo,120048,SAC,PF/C,24.9,965
491,Baylor Scheierman,120052,BOS,SG/SF,26.0,965
492,JaVale McGee,9173,FA,C,38.7,965
493,Guerschon Yabusele,120149,CHI,PF/C,30.8,964
494,Keisei Tominaga,120145,IND,,25.7,964
495,Keldon Johnson,17305,SA,SF/PF,27.0,963
496,Tre Jones,27679,CHI,PG/SG,26.7,962
497,Bismack Biyombo,9497,SA,C,34.1,961
498,Davis Bertans,10109,FA,PF/C,33.9,959
499,Luguentz Dort,17255,ATL,SG/SF,27.4,959
500,Kyle Kuzma,13753,MIL,SF/PF,31.2,959
501,Jeremy Sochan,38938,POR,PF/C,23.4,959
502,Ryan Dunn,120019,PHO,SF/PF,23.7,958
503,Jalen Wilson,111247,ATL,SF/PF,25.9,958
504,Cole Anthony,27590,PHO,PG,26.4,958
505,Tre Mann,31047,WAS,PG/SG,25.7,956
506,Nick Boyd,120401,GS,PG,25.4,956
507,Keaton Wallace,120094,ATL,PG,27.6,955
508,Keon Johnson,31050,BKN,PG/SG,24.6,954
509,Jared Butler,31069,PHO,PG/SG,26.1,952
510,Isaiah Joe,27881,DET,SG/SF,27.2,950
511,Udoka Azubuike,27709,FA,C,27.0,946
512,Jamal Shead,120046,TOR,PG,24.2,945
513,Gary Trent Jr.,15355,MIL,SG/SF,27.7,945
514,Alondes Williams,53587,WAS,SG/SF,27.3,944
515,Tyler Kolek,120026,NY,PG/SG,25.5,942
516,Frank Ntilikina,13735,FA,PG,28.2,939
517,Tyus Jones,9347,DEN,PG,30.4,938
518,Jason Preston,31062,UTA,PG,27.1,938
519,Johnny Furphy,120021,IND,SG/SF,21.8,937
520,Karlo Matkovic,120096,NO,PF/C,25.5,935
521,Bobi Klintman,120040,DET,PF,23.6,934
522,Jack McVeigh,120148,HOU,,30.3,932
523,Josh Green,27652,UTA,SG/SF,25.9,931
524,Luke Kornet,13862,SA,C,31.2,931
525,Bobby Portis,9151,MIA,PF/C,31.6,929
526,De'Andre Hunter,17190,SAC,SF/PF,28.8,928
527,Daishen Nix,36250,SAC,PG,24.6,924
528,Quinten Post,120068,MEM,C,26.5,923
529,Jacky Cui,120132,BKN,,23.3,920
530,Isaiah Jackson,31051,LAC,C,24.7,919
531,Bogdan Bogdanovic,13726,HOU,PG/SG/SF,34.1,918
532,Cody Zeller,9130,HOU,C,34.0,915
533,Pacome Dadiet,120031,NY,SG/SF,21.2,910
534,Jordan Walsh,111234,BOS,SF/PF,22.6,909
535,Quentin Grimes,31054,LAL,SG/SF,26.4,908
536,Josiah-Jordan James,120142,IND,,26.1,907
537,Corey Kispert,31044,ATL,SG/SF,27.6,906
538,Nick Richards,27661,MIA,C,28.8,904
539,Tyler Smith,120017,DAL,PF,21.9,903
540,Adama Sanogo,111257,CHI,C,24.6,901
541,Chris Boucher,13766,UTA,PF/C,33.7,901
542,Devonte' Graham,15297,POR,PG/SG,31.6,900
543,PJ Dozier,120088,MIN,SG,29.9,899
544,Zeke Nnaji,27706,DEN,PF/C,25.7,899
545,Johnny Juzang,39851,MIN,SG/SF,25.5,898
546,Jamal Cain,53608,ORL,SG/SF,27.5,898
547,Kevin Love,9161,UTA,PF/C,38.1,898
548,Trey Lyles,9512,MIN,PF,30.9,898
549,Ariel Hukporti,120070,PHI,C,24.5,896
550,Sandro Mamukelashvili,31083,LAL,PF/C,27.4,896
551,Garrett Temple,9525,TOR,PG/SG,40.4,895
552,Maxwell Lewis,111236,BKN,SG/SF,24.2,891
553,Matt Ryan,37957,NY,SF,29.5,890
554,A.J. Lawson,35171,TOR,SG/SF,26.2,889
555,Seth Curry,9467,GS,PG/SG,36.1,889
556,Dillon Jones,120028,NY,SF,24.9,887
557,PJ Hall,120033,CHA,C,24.6,886
558,David Jones,120072,SA,SG,24.8,886
559,Aaron Holiday,15220,HOU,PG,30.0,886
560,Caris LeVert,9659,MIL,SG/SF,32.1,885
561,Dwight Powell,9177,DAL,C,35.2,883
562,Nicolas Batum,9133,LAC,SF/PF,37.8,883
563,Jonathan Isaac,13733,ORL,PF/C,29.0,881
564,Jabari Walker,38959,PHI,PF,24.2,881
565,Paul Reed,27884,DET,PF/C,27.3,880
566,Vlatko Cancar,17236,DEN,PF/C,29.5,880
567,Cody Martin,17334,IND,SG/SF,31.0,879
568,Dru Smith,35173,MIA,PG/SG,28.7,879
569,Jeremiah Robinson-Earl,31061,IND,PF,25.9,878
570,Marcus Sasser,111221,DAL,PG,26.0,877
571,Gary Harris,9191,DET,SG/SF,32.0,876
572,Dean Wade,17274,PHI,SF/PF,29.9,874
573,Georges Niang,10162,GS,PF,33.3,873
574,Zach Collins,13784,CHI,C,28.9,872
575,Trey Jemison,111259,TOR,PF/C,26.8,872
576,Blake Wesley,38946,POR,PG/SG,23.5,872
577,Monte Morris,13791,IND,PG/SG,31.3,871
578,Alex Len,9431,LAL,C,33.3,870
579,Duop Reath,11259,PHO,PF/C,30.3,869
580,Khris Middleton,9334,WAS,SF/PF,35.1,869
581,Bronny James,120060,LAL,PG/SG,22.0,867
582,Buddy Boeheim,40284,OKC,SF,26.9,867
583,Leonard Miller,111229,CHI,SF/PF,22.8,865
584,Taurean Prince,10155,DET,SF/PF,32.5,863
585,Cameron Payne,9394,PHI,PG/SG,32.1,862
586,Kevin Huerter,15216,DET,SG/SF,28.1,858
587,Dalano Banton,31075,BOS,PG/SG,26.9,858
588,EJ Liddell,38698,BKN,PF/C,25.8,856
589,Joe Ingles,9513,MIN,SF/PF,39.0,856
590,Juan Nunez,120042,SA,PG,22.3,855
591,Kai Jones,31048,DAL,C,25.7,854
592,JD Davison,38917,ORL,PG/SG,24.0,852
593,Dominick Barlow,53821,PHI,PF/C,23.3,852
594,Chuma Okeke,17230,CLE,PF,28.1,851
595,Cory Joseph,9498,ORL,PG,35.1,845
596,Taj Gibson,9144,MEM,C,41.3,845
597,Derrick Rose,9142,MEM,PG,38.0,844
598,Jeff Green,9271,HOU,PF/C,40.1,844
599,Jaden Hardy,39838,LAL,PG/SG/SF,24.2,844
600,Jay Huff,35209,IND,C,29.1,843
601,Alex Caruso,13860,OKC,SG/SF,32.6,841
602,Andre Drummond,9202,NY,C,33.1,839
603,Sam Merrill,27691,CLE,SG/SF,30.4,838
604,AJ Griffin,38836,HOU,SF/PF,23.1,837
605,Garrison Mathews,17315,ATL,SG/SF,29.9,836
606,Amir Coffey,17215,PHO,SG/SF,29.3,835
607,P.J. Tucker,9430,NY,PF,41.4,834
608,Dario Saric,10115,DET,PF/C,32.5,833
609,Draymond Green,9228,GS,PF/C,36.6,833
610,Reggie Jackson,9213,PHI,PG/SG,36.5,832
611,Caleb Martin,17312,DAL,SF/PF,31.0,825
612,Torrey Craig,13790,BOS,SF/PF,35.8,825
613,Luka Garza,31081,BOS,C,27.8,823
614,Bryce McGowens,38956,NO,SG/SF,23.9,822
615,Josh Richardson,9317,MIA,PG/SG,33.0,821
616,Precious Achiuwa,27843,SAC,PF/C,27.0,819
617,Jordan Clarkson,9283,NY,SG/SF,34.3,817
618,Jake LaRavia,38948,LAL,SF/PF,24.9,815
619,KJ Simpson,120035,DEN,PG/SG,24.1,811
620,Markelle Fultz,13729,TOR,PG/SG,28.3,810
621,Jonas Valanciunas,9491,DEN,C,34.4,808
622,Saddiq Bey,27593,NO,SF/PF,27.5,805
623,Buddy Hield,10136,CHA,SG/SF,33.8,804
624,Nick Smith Jr.,111223,LAL,PG/SG,22.4,803
625,Julian Strawther,111225,DEN,SG/SF,24.4,802
626,Damion Lee,14134,PHO,SG/SF,33.9,801
627,Marcus Smart,9102,HOU,PG/SG,32.6,794
628,Boogie Ellis,120081,SAC,,25.8,792
629,DeAndre Jordan,9268,NO,C,38.2,786
630,Terance Mann,17224,BKN,SG/SF,29.9,785
631,Ousmane Dieng,39834,MIL,SF/PF,23.4,781
632,Kelly Oubre Jr.,9526,IND,SF/PF,30.8,780
633,Bruce Brown,15287,NY,PG/SG,30.1,779
634,Isaac Okoro,27637,CHI,SG/SF,25.7,777
635,Daniel Theis,13777,NO,C,34.5,773
636,Ziaire Williams,31039,LAL,SG/SF,25.0,772
637,Dariq Whitehead,111218,MEM,PF,22.2,768
638,Brandon Clarke,17251,MEM,PF/C,30.0,767
639,Derrick Jones Jr.,10146,LAC,SF/PF,29.6,767
640,Naji Marshall,27850,DAL,SG/SF/PF,28.7,760
641,Obi Toppin,27591,IND,SF/PF,28.6,754
642,Brook Lopez,9118,LAC,C,38.5,752
643,Moritz Wagner,15222,BKN,C,29.4,746
644,James Wiseman,27636,NY,C,25.5,745
645,Aaron Wiggins,31084,ATL,SG/SF,27.7,742
646,Marvin Bagley III,15199,DEN,PF/C,27.5,737
647,Bones Hyland,31055,MIN,PG/SG,26.0,734
648,Ben Sheppard,111222,IND,SG/SF,25.2,732
649,Grant Williams,17270,CHA,PF/C,27.8,719
650,Goga Bitadze,17241,ORL,C,27.2,713
651,Kris Murray,111219,MEM,SG/SF,26.1,710
652,Julian Champagnie,53823,SA,SF/PF,25.3,708
653,Kentavious Caldwell-Pope,9203,PHI,SG/SF,33.6,701
654,Steven Adams,9390,HOU,C,33.2,696
655,Jarred Vanderbilt,15288,LAL,PF/C,27.5,694
656,Dennis Schröder,9084,CHA,PG/SG,33.0,687
657,Klay Thompson,9221,MIA,SG/SF,36.6,683
658,Malcolm Brogdon,10127,WAS,PG/SG,33.8,676
659,Josh Minott,38847,BKN,SF/PF,23.8,675
660,Malaki Branham,38740,ORL,SG/SF,23.4,674
661,Jett Howard,111208,DAL,SG/SF,23.0,674
662,Jaden Springer,31057,NO,SG,24.0,664
663,Malik Beasley,10133,DET,SG/SF,29.8,664
664,Chris Paul,9265,TOR,PG,41.4,659
665,Ochai Agbaji,38571,NY,SG/SF,26.4,649
666,Caleb Houstan,38958,NO,SF,23.7,649
667,Dalen Terry,38947,GS,SG/SF,24.2,644
668,Ben Simmons,10087,SAC,PG,30.2,644
669,Talen Horton-Tucker,17217,CHI,SG/SF,25.8,640
670,Dorian Finney-Smith,10117,ATL,SF/PF,33.4,633
671,Russell Westbrook,9387,SAC,PG/SG,37.9,631
672,Kelly Olynyk,9100,SA,PF/C,35.4,629
673,Vasilije Micic,28550,MIL,PG/SG,32.7,627
674,Rayan Rupert,111239,PHI,SG/SF,22.3,627
675,Josh Okogie,15217,UTA,SG/SF,28.1,624
676,Jaxson Hayes,17194,UTA,C,26.4,623
677,Matisse Thybulle,17275,LAL,SG/SF,29.6,617
678,Kyle Anderson,9475,TOR,SF/PF,33.0,617
679,Mike Muscala,9092,FA,PF/C,35.2,616
680,Cam Reddish,17196,LAL,SG/SF,27.1,614
681,Royce O'Neale,13792,CHA,SF/PF,33.3,614
682,Mike Conley,9296,BOS,PG,39.0,613
683,Thomas Bryant,13856,CLE,C,29.2,611
684,Larry Nance Jr.,9286,IND,PF/C,33.7,610
685,T.J. McConnell,9423,IND,PG,34.5,608
686,Jalen McDaniels,17317,NO,SF/PF,28.7,608
687,David Roddy,38945,DEN,SF/PF,25.5,607
688,Johnny Davis,38939,MEM,SG/SF,24.6,604
689,Jose Alvarado,35219,NY,PG,28.5,603
690,Dennis Smith Jr.,13736,FA,PG,28.8,600
691,Keita Bates-Diop,15319,NY,SF/PF,30.7,600
692,Eric Gordon,9352,MEM,SG/SF,37.8,599
693,Spencer Dinwiddie,9209,CHA,PG/SG,33.5,598
694,Duncan Robinson,15300,DET,SG/SF,32.4,598
695,Al Horford,9082,GS,PF/C,40.3,596
696,Yuta Watanabe,15295,FA,SF/PF,32.0,595
697,Andre Jackson Jr.,111232,TOR,SG/SF,24.9,595
698,JT Thor,31066,WAS,PF,24.1,594
699,Wesley Matthews,9179,FA,SG,40.0,594
700,Harrison Barnes,9220,SA,PF,34.3,594
701,Jock Landale,33899,ATL,C,30.9,592
702,Jericho Sims,31087,MIL,PF/C,27.9,592
703,Kyle Lowry,9490,PHI,PG,40.5,591
704,Colby Jones,111230,DET,SG/SF,24.3,590
705,Christian Wood,9427,LAL,PF/C,31.0,589
706,Drew Eubanks,15323,NY,C,29.7,589
707,Kris Dunn,10129,LAC,PG/SG,32.5,588
708,Mason Plumlee,9442,SA,C,36.6,587
709,Jaylin Williams,38695,OKC,PF/C,24.3,587
710,Kenneth Lofton Jr.,39848,CHI,PF/C,24.1,586
711,Bojan Bogdanovic,9114,BKN,SF/PF,37.4,586
712,Dante Exum,9509,WAS,PG/SG,31.2,585
713,Mo Bamba,15278,UTA,C,28.4,585
714,Admiral Schofield,17282,FA,SF/PF,29.5,585
715,TyTy Washington Jr.,38657,LAC,PG/SG,24.9,585
716,Patrick Baldwin Jr.,38943,SAC,PF,23.9,584
717,Kenyon Martin Jr.,27624,UTA,SF,25.7,584
718,Jevon Carter,15293,ORL,PG/SG,31.0,584
719,Pat Connaughton,9456,CHA,SG/SF,33.7,584
720,Killian Hayes,27587,SAC,PG/SG,25.2,583
721,Isaiah Mobley,38951,FA,SF/PF,27.0,582
722,Jalen Hood-Schifino,111213,PHI,SG/SF,23.3,582
723,AJ Green,39849,MIL,PG/SG/SF,27.0,581
724,Ishmail Wainright,31158,FA,SF/PF,32.0,581
725,Delon Wright,9495,NY,PG/SG,34.4,581
726,Gordon Hayward,9506,FA,SF/PF,36.5,580
727,Jae'Sean Tate,27596,HOU,SG/SF/PF,30.9,580
728,Maxi Kleber,13817,LAL,PF/C,34.7,579
729,Kira Lewis Jr,27849,FA,PG/SG,25.5,579
730,Kobe Brown,111226,IND,SF/PF,26.7,579
731,Jalen Slawson,111250,IND,SF/PF,26.9,578
732,Chris Duarte,31042,CHI,SG,29.3,578
733,John Konchar,17308,NY,SG/SF,30.5,578
734,Richaun Holmes,9422,WAS,C,33.0,578
735,Marcus Morris Sr.,9207,NY,PF/C,37.1,577
736,Bol Bol,17229,PHO,PF/C,26.9,577
737,Charles Bassey,31082,GS,C,25.9,577
738,Olivier-Maxence Prosper,111220,MEM,SF/PF/C,24.2,577
739,Tim Hardaway Jr.,9087,MIA,SG/SF,34.5,576
740,Haywood Highsmith,15462,PHO,SF/PF,29.8,575
741,Emoni Bates,111245,CLE,SG/SF,22.7,575
742,Xavier Tillman Sr.,27462,POR,PF/C,27.7,574
743,Gabe Vincent,15324,ATL,PG/SG,30.3,573
744,Lonnie Walker IV,15215,DEN,SG,27.8,573
745,Orlando Robinson,53607,ORL,C,26.2,573
746,Aleksandar Vezenkov,38423,FA,SF/PF,31.1,573
747,Isaiah Livers,31071,PHO,SF/PF,28.2,573
748,Nassir Little,17233,MIA,SF/PF,26.6,572
749,Kevon Looney,9227,LAL,PF/C,30.6,572
750,Jalen Pickett,111228,LAC,PG/SG,26.9,571
751,MarJon Beauchamp,39835,PHI,SG/SF,26.0,570
752,Gary Payton II,11882,GS,SG/SF,33.8,570
753,Aleksej Pokuševski,27463,FA,PF/C,24.8,567
754,Ömer Yurtseven,27862,GS,C,28.3,567
755,Cedi Osman,13780,FA,SF/PF,31.5,566
756,Jordan Goodwin,35208,PHO,PG/SG,27.9,565
757,Jordan McLaughlin,15341,SA,PG/SG,30.5,564
758,Shake Milton,15261,LAL,PG/SG,30.0,560
759,Alec Burks,9507,MIA,SG/SF,35.2,556
760,Simone Fontecchio,43375,MIA,SF/PF,30.8,553
761,Kenrich Williams,15309,OKC,PF/C,31.8,545
762,Kessler Edwards,31073,DEN,PF/C,26.1,543
763,Sidy Cissoko,111240,POR,SF/PF,22.5,541
764,Anthony Gill,27720,WAS,PF/C,33.9,533
