rank,player,pos,team,age,keeper_rank,keeper_value,fg_pct,ft_pct,3pm,pts,reb,ast,stl,blk,to
1,Victor Wembanyama,C,SA,22.7,1,2529,0.512,0.827,1.9,25.0,11.5,3.1,1.0,3.1,2.4
2,Shai Gilgeous-Alexander,PG,OKC,28.2,3,2349,0.553,0.879,1.7,31.1,4.3,6.6,1.4,0.8,2.2
3,Luka Doncic,PG/SG,LAL,27.6,5,2276,0.476,0.780,4.0,33.5,7.7,8.3,1.6,0.5,4.0
4,Nikola Jokic,C,DEN,31.6,4,2312,0.569,0.831,1.7,27.7,12.9,10.7,1.4,0.8,3.7
5,Giannis Antetokounmpo,PF/C,MIA,31.8,21,1837,0.624,0.650,0.4,27.6,9.8,5.4,0.9,0.7,3.2
6,Cade Cunningham,PG/SG,DET,25.0,6,2269,0.461,0.812,2.0,23.9,5.5,9.9,1.4,0.8,3.7
7,Cooper Flagg,SG/SF/PF,DAL,19.8,2,2365,0.468,0.828,1.0,21.1,6.7,4.5,1.2,0.9,2.3
8,Anthony Edwards,PG/SG,MIN,25.1,7,2127,0.489,0.796,3.4,28.8,5.0,3.7,1.4,0.8,2.8
9,Tyrese Maxey,PG,PHI,25.9,8,2124,0.462,0.892,3.1,28.3,4.1,6.6,1.9,0.8,2.4
10,Scottie Barnes,SF/PF/C,TOR,25.2,10,2031,0.507,0.815,0.9,18.1,7.5,5.9,1.4,1.5,2.6
11,Alperen Sengün,PF/C,HOU,24.2,14,1924,0.519,0.691,0.6,20.4,8.9,6.2,1.2,1.1,3.2
12,Cameron Boozer,PF,MEM,19.2,15,1920,,,,,,,,,
13,Jalen Johnson,SF/PF,ATL,24.8,9,2121,0.489,0.788,1.7,22.5,10.3,7.9,1.2,0.4,3.4
14,Jayson Tatum,SF/PF,BOS,28.6,11,2017,0.411,0.823,2.9,21.8,10.0,5.3,1.4,0.2,2.4
15,Tyrese Haliburton,PG/SG,IND,26.6,12,1947,,,,,,,,,
16,Chet Holmgren,PF/C,OKC,24.4,16,1903,0.558,0.792,1.3,17.1,8.9,1.7,0.6,1.9,1.6
17,Evan Mobley,PF/C,CLE,25.3,20,1845,0.546,0.606,1.0,18.2,9.0,3.6,0.7,1.7,1.9
18,Dylan Harper,PG/SG,SA,20.6,13,1945,0.505,0.756,0.9,11.8,3.4,3.9,0.8,0.3,1.4
19,Donovan Mitchell,PG/SG,CLE,30.1,31,1759,0.483,0.865,3.2,27.9,4.5,5.7,1.5,0.3,2.8
20,Jalen Williams,SF/PF,OKC,25.5,33,1756,0.484,0.837,0.7,17.1,4.6,5.5,1.2,0.3,1.9
21,Amen Thompson,PG/SG,HOU,23.7,17,1896,0.534,0.779,0.3,18.3,7.8,5.3,1.5,0.6,2.4
22,Austin Reaves,PG/SG/SF,LAL,28.3,38,1724,0.490,0.871,2.3,23.3,4.7,5.5,1.1,0.4,3.0
23,Trey Murphy III,SG/SF,NO,26.3,25,1811,0.470,0.886,3.2,21.5,5.7,3.8,1.5,0.4,1.8
24,Devin Booker,PG/SG,PHO,29.9,40,1703,0.456,0.873,1.9,26.1,3.9,6.0,0.8,0.3,3.2
25,Paolo Banchero,PF,ORL,23.9,27,1809,0.459,0.775,1.2,22.2,8.4,5.2,0.7,0.6,3.1
26,Josh Giddey,PG/SG,CHI,24.0,42,1675,0.448,0.763,1.9,17.0,8.3,9.1,1.0,0.5,3.6
27,Alexandre Sarr,C,WAS,21.4,32,1757,0.482,0.688,1.0,16.3,7.4,2.7,0.8,2.0,1.7
28,AJ Dybantsa,SF,WAS,19.7,24,1817,,,,,,,,,
29,Deni Avdija,SG/SF/PF,POR,25.7,26,1811,0.462,0.802,1.9,24.2,6.9,6.7,0.8,0.6,3.8
30,Kon Knueppel,SG/SF,CHA,21.2,37,1726,0.475,0.863,3.4,18.5,5.3,3.4,0.7,0.2,2.0
31,Caleb Wilson,PF,CHI,20.2,19,1860,,,,,,,,,
32,Karl-Anthony Towns,PF/C,NY,30.9,35,1738,0.501,0.858,1.5,20.1,11.9,3.0,0.9,0.5,2.5
33,Darryn Peterson,SG,UTA,19.7,36,1736,,,,,,,,,
34,Trae Young,PG,WAS,28.0,39,1709,0.458,0.825,1.8,17.9,2.0,8.0,0.9,0.1,2.6
35,Franz Wagner,SF/PF,ORL,25.1,41,1690,0.481,0.823,1.4,20.6,5.2,3.3,0.9,0.3,1.7
36,Jamal Murray,PG,DEN,29.6,50,1641,0.483,0.887,3.3,25.4,4.4,7.1,0.9,0.4,2.3
37,Jalen Duren,C,DET,22.9,46,1663,0.650,0.747,0.0,19.5,10.5,2.0,0.8,0.8,1.9
38,Jaren Jackson Jr.,PF/C,UTA,27.0,47,1654,0.476,0.803,1.8,19.4,5.7,2.0,1.1,1.4,2.2
39,Jalen Brunson,PG,NY,30.1,29,1779,0.467,0.841,2.6,26.0,3.3,6.8,0.8,0.1,2.4
40,2027 Draft (Pick 1),,DRA,,22,1831,,,,,,,,,
41,LaMelo Ball,PG,MIN,25.1,18,1864,0.407,0.899,3.8,20.1,4.8,7.1,1.2,0.2,2.8
42,Zion Williamson,PF/C,NO,26.2,68,1473,0.600,0.716,0.0,21.0,5.7,3.2,1.0,0.6,2.0
43,Stephon Castle,PG/SG,SA,21.9,23,1824,0.470,0.734,1.2,16.6,5.3,7.4,1.1,0.3,3.2
44,Donovan Clingan,C,POR,22.6,52,1612,0.520,0.680,1.1,12.1,11.6,2.1,0.6,1.7,1.2
45,Matas Buzelis,SF/PF,CHI,22.0,44,1671,0.463,0.786,2.3,16.3,5.8,2.1,0.7,1.5,2.1
46,Darius Garland,PG,LAC,26.7,54,1588,0.460,0.861,2.7,18.8,2.4,6.7,1.0,0.2,2.9
47,Brandon Miller,SF/PF,CHA,23.9,28,1784,0.435,0.892,3.1,20.2,4.9,3.3,1.0,0.7,2.5
48,2027 Draft (Pick 2),,DRA,,30,1770,,,,,,,,,
49,Bam Adebayo,PF/C,MIA,29.2,53,1589,0.442,0.778,1.7,20.1,10.0,3.2,1.2,0.7,1.6
50,VJ Edgecombe,PG/SG,PHI,21.2,34,1752,0.438,0.819,2.0,16.0,5.6,4.2,1.4,0.5,1.8
51,Jaylen Brown,SG/SF/PF,PHI,29.9,48,1650,0.477,0.795,2.0,28.7,6.9,5.1,1.0,0.4,3.6
52,Keyonte George,PG/SG,UTA,22.9,49,1645,0.456,0.892,2.5,23.6,3.7,6.1,1.1,0.3,3.1
53,Anthony Davis,PF/C,WAS,33.6,73,1450,0.506,0.728,0.5,20.4,11.1,2.8,1.1,1.7,2.1
54,Tyler Herro,PG/SG,MIL,26.7,69,1466,0.480,0.917,2.6,20.5,4.8,4.1,0.7,0.4,1.9
55,De'Aaron Fox,PG,SA,28.8,63,1489,0.486,0.760,1.8,18.6,3.8,6.2,1.2,0.3,2.3
56,2027 Draft (Pick 3-4),,DRA,,45,1666,,,,,,,,,
57,Mikel Brown Jr.,PG,BKN,20.5,82,1412,,,,,,,,,
58,Darius Acuff Jr.,PG,SAC,19.9,67,1477,,,,,,,,,
59,Keaton Wagler,SG,LAC,19.7,88,1383,,,,,,,,,
60,James Harden,PG/SG,CLE,37.1,86,1387,0.434,0.884,3.1,23.6,4.8,8.0,1.1,0.4,3.5
61,Stephen Curry,PG,GS,38.5,64,1487,0.468,0.923,4.4,26.6,3.6,4.7,1.1,0.4,2.8
62,RJ Barrett,SG/SF/PF,TOR,26.3,103,1332,0.491,0.717,1.7,19.3,5.3,3.3,0.7,0.3,1.8
63,Domantas Sabonis,PF/C,SAC,30.4,59,1503,0.543,0.727,0.3,15.8,11.4,4.1,0.9,0.2,2.7
64,Lauri Markkanen,SF/PF,UTA,29.4,51,1624,0.477,0.896,2.7,26.7,6.9,2.1,1.0,0.5,1.5
65,Zach Edey,C,MEM,24.4,65,1485,0.633,0.781,0.1,13.6,11.1,1.1,0.6,1.9,2.4
66,Onyeka Okongwu,C,ATL,25.8,58,1515,0.481,0.757,2.0,15.2,7.6,3.1,1.1,1.1,1.7
67,Pascal Siakam,PF/C,IND,32.5,77,1428,0.484,0.693,1.7,24.0,6.6,3.8,1.1,0.4,2.2
68,Ivica Zubac,C,IND,29.5,78,1427,0.596,0.711,0.0,14.1,10.6,2.2,0.4,0.8,1.8
69,Desmond Bane,SG/SF,ORL,28.3,74,1448,0.483,0.908,2.0,20.1,4.1,4.1,1.0,0.5,2.0
70,Walker Kessler,C,LAL,25.2,43,1674,0.703,0.700,1.2,14.4,10.8,3.0,1.4,1.8,3.2
71,Nickeil Alexander-Walker,PG/SG,ATL,28.1,83,1399,0.458,0.903,3.2,20.8,3.4,3.7,1.3,0.5,2.1
72,Kel'el Ware,C,MIL,22.4,79,1427,0.530,0.747,1.2,11.1,9.0,0.7,0.8,1.1,0.8
73,OG Anunoby,SF/PF,NY,29.2,70,1462,0.484,0.828,2.3,16.7,5.2,2.2,1.6,0.7,1.8
74,Michael Porter Jr.,SF/PF,BKN,28.3,93,1355,0.463,0.860,3.4,24.2,7.1,3.0,1.1,0.2,2.3
75,Keegan Murray,SF/PF,SAC,26.1,115,1274,0.420,0.776,1.4,14.0,5.8,1.7,1.0,1.6,1.2
76,Jalen Green,SG/SF,PHO,24.6,109,1289,0.422,0.747,2.2,17.8,3.6,2.8,1.1,0.3,2.3
77,Ja Morant,PG,POR,27.1,96,1349,0.410,0.897,1.0,19.5,3.3,8.1,1.0,0.3,3.6
78,Julius Randle,PF,BKN,31.8,112,1281,0.481,0.802,1.4,21.1,6.7,5.0,1.1,0.2,2.8
79,Fred VanVleet,PG,HOU,32.6,146,1192,,,,,,,,,
80,Scoot Henderson,PG,POR,22.7,129,1232,0.418,0.840,1.9,14.2,2.7,3.7,0.9,0.3,2.4
81,Derrick White,PG/SG,BOS,32.2,76,1440,0.394,0.902,2.7,16.5,4.4,5.4,1.1,1.3,1.7
82,Naz Reid,PF/C,CHA,27.1,89,1373,0.456,0.732,2.1,13.6,6.2,2.2,1.0,1.0,1.6
83,Kevin Durant,SG/SF/PF,HOU,38.0,60,1500,0.521,0.874,2.4,26.0,5.4,4.8,0.8,0.9,3.2
84,Jaden McDaniels,SF,MIN,26.0,66,1479,0.515,0.835,1.4,14.8,4.2,2.7,1.1,1.0,1.8
85,Collin Murray-Boyles,PF/C,TOR,21.3,56,1516,0.579,0.657,0.3,8.5,5.0,1.9,0.9,0.9,1.0
86,Brandon Ingram,SG/SF/PF,LAC,29.1,75,1445,0.477,0.820,1.8,21.5,5.6,3.7,0.8,0.7,2.4
87,Derik Queen,PF/C,NO,21.8,61,1500,0.473,0.795,0.3,11.7,7.0,3.7,1.0,0.9,2.3
88,Brayden Burries,SG,MIL,21.0,87,1383,,,,,,,,,
89,Kingston Flemings,PG,ATL,19.7,95,1351,,,,,,,,,
90,Reed Sheppard,PG/SG,HOU,22.3,107,1306,0.430,0.802,2.8,13.5,2.9,3.4,1.5,0.7,1.5
91,Immanuel Quickley,PG/SG,TOR,27.3,85,1390,0.443,0.821,2.5,16.4,4.0,5.9,1.3,0.1,1.5
92,Dejounte Murray,PG,NO,30.0,99,1339,0.484,0.867,1.4,16.7,5.4,6.4,1.6,0.2,3.4
93,Ajay Mitchell,PG/SG,OKC,24.3,102,1333,0.485,0.870,1.1,13.6,3.3,3.6,1.2,0.3,1.4
94,Dyson Daniels,SG/SF,ATL,23.5,62,1499,0.517,0.615,0.3,11.9,6.8,5.9,2.0,0.4,1.8
95,2027 Draft (Pick 5-8),,DRA,,72,1454,,,,,,,,,
96,Mikal Bridges,SF/PF,NY,30.1,105,1322,0.490,0.827,1.9,14.4,3.8,3.7,1.3,0.8,1.0
97,Isaiah Hartenstein,C,OKC,28.4,100,1335,0.622,0.610,0.0,9.2,9.4,3.5,1.0,0.8,1.7
98,Anthony Black,PG/SG/SF,ORL,22.7,104,1324,0.446,0.732,1.6,15.0,3.8,3.7,1.4,0.7,2.0
99,Kyshawn George,SG/SF/PF,WAS,22.8,97,1348,0.438,0.802,2.1,14.8,5.1,4.5,1.0,0.9,2.6
100,Jalen Suggs,PG/SG,ORL,25.3,84,1394,0.435,0.855,2.1,13.8,3.9,5.5,1.8,0.7,2.7
101,Kyrie Irving,PG,DAL,34.5,94,1352,,,,,,,,,
102,Jabari Smith Jr.,PF/C,HOU,23.4,81,1415,0.450,0.775,2.3,15.8,6.9,1.9,0.7,0.9,1.4
103,Nicolas Claxton,C,CHI,27.5,92,1364,0.571,0.616,0.0,11.7,6.9,3.7,0.7,1.1,1.4
104,Joel Embiid,C,PHI,32.5,111,1281,0.489,0.854,1.4,26.9,7.7,3.9,0.6,1.2,2.9
105,Day'Ron Sharpe,C,BKN,24.9,127,1234,0.603,0.678,0.2,8.7,6.6,2.3,1.1,0.4,1.7
106,Kawhi Leonard,SG/SF/PF,TOR,35.3,101,1333,0.505,0.892,2.7,27.9,6.3,3.6,1.8,0.4,2.0
107,Coby White,PG/SG,CHA,26.6,110,1287,0.446,0.817,2.3,17.4,3.4,4.0,0.5,0.1,2.6
108,Myles Turner,C,MIL,30.5,118,1258,0.438,0.740,2.1,11.9,5.3,1.5,0.7,1.6,1.2
109,Ace Bailey,SF/PF,UTA,20.1,57,1515,0.443,0.750,1.9,13.8,4.2,1.8,0.8,0.7,1.5
110,Jeremiah Fears,PG/SG,NO,20.0,98,1340,0.434,0.789,1.2,14.3,3.7,3.4,1.2,0.4,2.2
111,Jarrett Allen,C,CLE,28.4,106,1319,0.639,0.709,0.0,15.4,8.5,1.8,1.0,0.8,1.3
112,Rudy Gobert,C,MIN,34.3,124,1239,0.682,0.526,0.0,10.9,11.5,1.7,0.8,1.6,1.4
113,Zach LaVine,PG/SG/SF,SAC,31.6,135,1222,0.479,0.880,2.5,19.2,2.8,2.3,0.7,0.3,1.9
114,Jaime Jaquez Jr.,SG/SF/PF,MIL,25.6,123,1241,0.507,0.769,0.8,15.4,5.0,4.7,0.7,0.3,2.0
115,Morez Johnson Jr.,PF,DAL,20.7,122,1244,,,,,,,,,
116,Norman Powell,SG/SF,CHI,33.3,157,1172,0.470,0.827,2.7,21.7,3.5,2.4,1.1,0.2,1.9
117,Deandre Ayton,C,WAS,28.2,201,1117,0.671,0.645,0.0,12.5,8.0,0.8,0.6,1.0,1.2
118,Kristaps Porzingis,C,GS,31.2,281,1056,0.446,0.841,1.7,16.6,5.2,2.5,0.6,1.2,1.3
119,Mark Williams,C,PHO,24.8,116,1263,0.644,0.771,0.0,11.7,7.9,1.0,0.9,0.9,1.1
120,Peyton Watson,SF/PF,CLE,24.0,134,1225,0.491,0.730,1.5,14.6,4.9,2.1,1.0,1.1,1.7
121,Brandin Podziemski,PG/SG,GS,23.6,133,1226,0.455,0.797,1.9,13.8,5.1,3.7,1.1,0.2,1.6
122,Cedric Coward,SG/SF,MEM,23.0,90,1369,0.471,0.843,1.5,13.6,5.9,2.8,0.6,0.4,1.7
123,2027 Draft (Pick 9-14),,DRA,,125,1238,,,,,,,,,
124,Devin Vassell,SG/SF,SA,26.1,128,1232,0.437,0.815,2.5,13.9,4.0,2.5,0.9,0.4,0.9
125,Ryan Rollins,PG/SG,MIL,24.2,120,1250,0.472,0.796,2.5,17.3,4.6,5.6,1.5,0.4,2.7
126,Ausar Thompson,SG/SF/PF,DET,23.7,55,1519,0.525,0.571,0.1,9.9,5.7,3.1,2.0,0.9,1.5
127,Toumani Camara,SF/PF,POR,26.4,114,1280,0.440,0.708,2.7,13.4,5.1,2.5,1.1,0.4,1.8
128,Paul George,SF/PF,BOS,36.4,131,1228,0.439,0.820,2.7,17.3,5.3,3.6,1.6,0.4,1.7
129,Christian Braun,SG/SF/PF,DEN,25.5,136,1212,0.519,0.782,1.0,12.0,4.8,2.7,0.7,0.3,1.0
130,Payton Pritchard,PG,BOS,28.7,113,1280,0.464,0.890,2.7,17.0,3.9,5.2,0.7,0.1,1.4
131,Ayo Dosunmu,PG/SG,MIN,26.7,91,1366,0.517,0.876,1.8,14.8,3.4,3.6,0.8,0.3,1.4
132,Egor Demin,PG/SG,BKN,20.6,80,1424,0.399,0.831,2.4,10.3,3.2,3.3,0.8,0.3,1.7
133,Khaman Maluach,C,PHO,20.0,121,1245,0.533,0.710,0.1,3.0,2.9,0.1,0.1,0.7,0.5
134,Miles Bridges,PF,PHO,28.5,139,1204,0.460,0.822,1.9,17.1,5.8,3.2,0.6,0.4,1.4
135,Shaedon Sharpe,PG/SG,POR,23.3,108,1296,0.452,0.787,2.1,20.8,4.3,2.6,1.4,0.1,2.9
136,Josh Hart,SG/SF,NY,31.6,132,1228,0.508,0.720,1.5,12.0,7.4,4.8,1.1,0.3,1.9
137,Maxime Raynaud,C,SAC,23.5,166,1159,0.571,0.786,0.3,12.5,7.5,1.4,0.5,0.5,1.3
138,LeBron James,SF/PF,PHI,41.7,140,1203,0.515,0.738,1.3,21.0,6.1,7.2,1.2,0.6,3.0
139,Cason Wallace,PG/SG/SF,OKC,22.9,71,1454,0.432,0.809,1.3,8.6,3.1,2.6,2.0,0.4,0.9
140,Allen Graves,PF,TOR,20.2,153,1182,,,,,,,,,
141,Yaxel Lendeborg,PF,GS,24.0,119,1255,,,,,,,,,
142,Ryan Kalkbrenner,C,CHA,24.7,143,1201,0.753,0.716,0.0,7.6,5.4,0.8,0.5,1.5,0.9
143,Tre Johnson,PG/SG/SF,WAS,20.6,137,1206,0.419,0.865,1.9,12.2,2.8,2.0,0.6,0.3,1.6
144,Jakob Poeltl,C,TOR,31.0,332,1038,0.700,0.602,0.0,10.7,7.0,2.0,0.9,0.7,1.2
145,Bilal Coulibaly,SG/SF,WAS,22.2,126,1237,0.425,0.746,1.2,11.7,4.3,2.6,1.3,1.0,1.4
146,Moussa Diabaté,C,CHA,24.7,151,1187,0.631,0.659,0.0,7.9,8.7,2.0,0.8,1.0,1.0
147,Dereck Lively II,C,DAL,22.6,130,1228,0.611,0.800,0.0,4.3,5.3,1.9,0.6,1.6,1.4
148,Andrew Nembhard,PG/SG,IND,26.7,142,1201,0.442,0.825,1.9,16.9,2.8,7.7,0.9,0.1,2.4
149,Santi Aldama,PF,DAL,25.7,158,1171,0.479,0.667,1.6,14.0,6.7,2.9,0.9,0.7,1.3
150,Wendell Carter Jr.,C,ORL,27.5,276,1058,0.512,0.792,0.9,11.8,7.4,2.0,0.8,0.6,1.3
151,Collin Gillespie,PG/SG,PHO,27.3,159,1171,0.418,0.874,2.9,12.7,4.1,4.6,1.2,0.2,1.6
152,Andrew Wiggins,SG/SF/PF,MIA,31.6,150,1188,0.475,0.784,2.0,15.4,4.8,2.7,1.1,1.0,1.5
153,Hannes Steinbach,PF,CHA,20.4,138,1206,,,,,,,,,
154,CJ McCollum,PG/SG,ATL,35.0,228,1078,0.455,0.772,2.5,18.7,3.3,3.9,0.8,0.5,1.8
155,Yanic Konan Niederhauser,C,LAC,23.5,165,1161,0.640,0.758,0.0,4.3,2.9,0.3,0.1,0.7,0.6
156,Dailyn Swain,SF,CHI,21.2,188,1125,,,,,,,,,
157,Nate Ament,SF,MIL,19.8,174,1148,,,,,,,,,
158,Tari Eason,SG/SF/PF,HOU,25.4,156,1176,0.415,0.776,1.6,10.5,6.3,1.5,1.2,0.5,1.4
159,Cameron Johnson,SF/PF,DEN,30.6,148,1189,0.480,0.839,2.0,12.2,3.8,2.4,0.7,0.4,0.9
160,DeMar DeRozan,SF/PF,DEN,37.1,282,1056,0.497,0.868,0.6,18.4,2.9,4.1,1.0,0.3,1.2
161,Jaylen Wells,SG/SF,MEM,23.1,161,1170,0.431,0.784,1.9,12.5,3.2,1.6,0.9,0.1,1.1
162,Jimmy Butler,SF/PF,GS,37.0,216,1092,0.521,0.864,0.8,20.0,5.6,4.9,1.4,0.2,1.6
163,Anfernee Simons,PG/SG,PHI,27.3,170,1151,0.440,0.896,2.7,14.3,2.5,2.4,0.5,0.1,1.3
164,Aaron Nesmith,SG/SF,IND,27.0,171,1151,0.415,0.829,2.3,13.8,4.2,1.9,0.6,0.5,1.4
165,Isaiah Stewart,PF/C,MEM,25.4,184,1130,0.550,0.756,0.7,10.0,5.0,1.1,0.3,1.6,1.1
166,Herbert Jones,SG/SF,NO,28.0,176,1147,0.383,0.806,1.4,8.9,3.4,2.8,1.6,0.5,1.3
167,P.J. Washington,PF/C,DAL,28.1,192,1123,0.450,0.687,1.4,14.2,7.0,1.8,1.0,1.1,1.7
168,Oso Ighodaro,C,PHO,24.2,186,1127,0.653,0.453,0.0,6.5,5.1,2.3,0.9,0.7,1.2
169,Daniss Jenkins,PG/SG,DET,25.1,180,1139,0.408,0.832,1.0,9.3,2.3,3.9,0.9,0.2,1.6
170,Bennedict Mathurin,SG/SF,NO,24.3,163,1166,0.430,0.869,1.4,17.6,5.4,2.4,0.8,0.2,2.2
171,Robert Williams III,C,POR,29.0,182,1134,0.708,0.596,0.2,6.7,7.0,1.0,0.6,1.5,0.8
172,Kevin Porter Jr.,PG/SG,MIL,26.4,168,1159,0.465,0.878,1.2,17.4,5.2,7.4,2.2,0.5,2.9
173,Jaylon Tyson,SG/SF/PF,CLE,23.8,194,1121,0.493,0.738,2.0,13.2,5.1,2.2,0.8,0.4,1.5
174,Zaccharie Risacher,SF/PF,DAL,21.5,175,1147,0.455,0.644,1.4,9.6,3.8,1.1,0.9,0.5,0.9
175,Aaron Gordon,PF/C,DEN,31.0,177,1147,0.497,0.767,1.7,16.2,5.8,2.7,0.6,0.3,1.1
176,Davion Mitchell,PG,MIA,28.1,162,1170,0.490,0.636,1.3,9.3,2.7,6.5,1.0,0.2,1.5
177,Damian Lillard,PG,POR,36.2,179,1142,,,,,,,,,
178,Joan Beringer,PF/C,MIN,19.9,169,1154,0.663,0.703,0.0,3.9,2.3,0.3,0.2,0.7,0.3
179,Dillon Brooks,SF/PF,PHO,30.7,155,1176,0.435,0.842,2.3,20.2,3.6,1.8,1.1,0.2,1.8
180,Daniel Gafford,C,DAL,28.0,214,1095,0.655,0.683,0.0,9.5,6.9,1.1,0.7,1.3,1.1
181,Aday Mara,C,OKC,21.5,178,1143,,,,,,,,,
182,Ty Jerome,PG/SG,MEM,29.2,181,1136,0.477,0.875,2.9,19.7,2.8,5.7,1.1,0.3,1.8
183,Jonathan Kuminga,SF/PF,MIN,24.0,152,1185,0.463,0.724,1.0,12.2,5.6,2.3,0.6,0.3,1.9
184,Grayson Allen,SG/SF,CHA,31.0,195,1119,0.403,0.857,3.1,16.5,3.0,3.8,1.4,0.3,1.6
185,Terrence Shannon Jr.,SG/SF,MIN,26.2,199,1118,0.450,0.800,0.7,5.6,1.1,0.9,0.3,0.0,0.6
186,Malik Monk,PG/SG,SAC,28.6,164,1165,0.438,0.879,2.0,12.5,1.9,3.0,0.6,0.4,1.5
187,Jarace Walker,SF/PF,IND,23.1,206,1103,0.419,0.749,1.8,11.6,5.1,2.5,0.8,0.3,1.8
188,Ebuka Okorie,PG,DET,19.5,189,1124,,,,,,,,,
189,Christian Anderson,PG,CHA,20.5,193,1122,,,,,,,,,
190,Joshua Jefferson,PF,BKN,22.9,190,1123,,,,,,,,,
191,John Collins,PF/C,DET,29.0,154,1179,0.552,0.766,1.3,13.6,5.3,1.0,0.9,0.7,1.4
192,Neemias Queta,C,BOS,27.2,191,1123,0.653,0.703,0.0,10.2,8.4,1.7,0.8,1.3,1.0
193,Kyle Filipowski,PF/C,UTA,22.9,187,1126,0.492,0.750,1.0,11.4,7.2,2.6,0.9,0.5,1.6
194,Gui Santos,SF/PF,GS,24.3,200,1117,0.500,0.725,1.2,9.2,3.9,2.3,0.9,0.3,1.5
195,Jared McCain,PG/SG,OKC,22.6,160,1170,0.425,0.864,1.5,8.3,2.0,1.3,0.5,0.1,0.8
196,Carter Bryant,SF/PF,SA,20.8,198,1118,0.408,0.714,0.7,4.2,2.5,0.7,0.2,0.3,0.5
197,Rasheer Fleming,PF/C,PHO,22.2,422,1002,0.403,0.559,0.8,4.3,2.3,0.3,0.4,0.4,0.5
198,Isaiah Collier,PG/SG,UTA,22.0,173,1148,0.495,0.722,0.5,11.7,2.5,7.2,1.1,0.3,2.5
199,2027 Draft (Pick 15-30),,DRA,,183,1132,,,,,,,,,
200,Rui Hachimura,SF/PF,LAC,28.6,219,1089,0.514,0.694,1.7,11.5,3.3,0.8,0.6,0.3,0.6
201,Carlton Carrington,PG/SG,WAS,21.2,185,1129,0.424,0.730,2.1,10.7,3.4,4.6,0.6,0.2,2.3
202,Will Riley,SF/PF,WAS,20.6,207,1102,0.439,0.800,1.1,10.3,2.9,2.0,0.7,0.1,1.3
203,Max Christie,SG/SF,DAL,23.6,172,1149,0.441,0.899,2.3,12.3,3.2,2.0,0.6,0.4,1.2
204,Caris LeVert,SG/SF,MIL,32.1,560,885,0.417,0.679,1.0,7.4,2.0,2.7,0.9,0.7,1.4
205,Nique Clifford,SG/SF,SAC,24.6,204,1104,0.418,0.722,1.0,8.6,3.8,2.4,0.9,0.3,1.5
206,Jordan Poole,PG/SG,NO,27.3,217,1091,0.372,0.860,2.5,13.4,2.0,3.1,0.6,0.4,1.8
207,Noah Clowney,PF/C,BKN,22.2,209,1098,0.396,0.804,2.0,12.3,4.2,1.6,0.8,0.7,1.5
208,Collin Sexton,PG/SG,LAL,27.7,231,1076,0.485,0.855,1.7,15.4,2.3,3.3,1.1,0.1,2.1
209,Saddiq Bey,SF/PF,NO,27.5,622,805,0.451,0.841,2.1,17.7,5.6,2.5,0.9,0.1,0.9
210,Jaylin Williams,PF/C,OKC,24.3,709,587,0.423,0.793,1.5,7.2,5.5,2.4,0.5,0.6,1.0
211,Mitchell Robinson,C,BOS,28.5,415,1005,0.723,0.408,0.0,5.7,8.7,0.9,0.9,1.2,0.7
212,Leonard Miller,SF/PF,CHI,22.8,583,865,0.553,0.736,0.7,7.8,3.9,0.9,0.4,0.3,0.8
213,Max Strus,SF/PF,LAC,30.5,478,973,0.443,0.778,2.8,11.2,5.4,2.0,0.3,0.0,0.8
214,Jalen Smith,PF/C,CHI,26.5,481,972,0.483,0.742,1.6,10.2,6.7,1.2,0.5,0.8,1.0
215,Donte DiVincenzo,SG/SF,MIN,29.7,213,1097,0.406,0.743,3.0,12.2,4.1,3.8,1.3,0.4,1.4
216,Nikola Jovic,PF/C,MIA,23.3,428,999,0.366,0.683,1.0,7.3,3.3,2.2,0.6,0.4,1.4
217,Ron Holland II,SF/PF,DET,21.2,325,1040,0.432,0.805,0.6,8.2,4.0,1.2,1.2,0.3,1.2
218,Cam Spencer,PG/SG,MEM,26.5,221,1086,0.473,0.940,2.0,11.1,2.5,5.6,0.7,0.2,1.3
219,Cam Whitmore,SF/PF,DEN,22.2,250,1064,0.456,0.742,0.8,9.2,2.8,0.7,0.7,0.4,0.9
220,Kasparas Jakucionis,PG/SG,MIL,20.3,301,1050,0.429,0.879,1.3,6.2,2.6,2.6,0.6,0.1,0.9
221,De'Andre Hunter,SF/PF,SAC,28.8,526,928,0.415,0.867,1.7,13.7,4.1,2.0,0.7,0.1,1.7
222,Tobias Harris,PF,SA,34.2,241,1069,0.469,0.866,1.3,13.3,5.1,2.5,0.9,0.4,1.0
223,Obi Toppin,SF/PF,IND,28.6,641,754,0.503,0.913,1.5,11.6,4.4,2.3,0.5,0.0,1.2
224,Cameron Carr,SG,LAL,21.9,167,1159,,,,,,,,,
225,Jerami Grant,SF/PF,MEM,32.6,472,977,0.453,0.814,2.4,18.6,3.5,2.1,0.7,0.6,2.1
226,Paul Reed,PF/C,DET,27.3,565,880,0.617,0.664,0.2,7.8,4.5,1.2,0.9,0.9,0.9
227,Ousmane Dieng,SF/PF,MIL,23.4,631,781,0.422,0.711,1.1,7.6,3.2,2.4,0.4,0.3,1.3
228,Dylan Cardwell,PF/C,SAC,24.8,215,1093,0.583,0.510,0.1,5.4,7.5,1.4,0.7,1.5,0.9
229,Naji Marshall,SG/SF/PF,DAL,28.7,640,760,0.510,0.760,0.8,15.2,4.7,3.3,1.1,0.1,1.6
230,Jayden Quaintance,PF,SA,19.2,196,1119,,,,,,,,,
231,Labaron Philon Jr.,PG,PHI,20.8,117,1263,,,,,,,,,
232,Jusuf Nurkic,C,UTA,32.1,475,975,0.503,0.549,0.6,10.9,10.4,4.8,1.3,0.5,2.5
233,Sandro Mamukelashvili,PF/C,LAL,27.4,550,896,0.523,0.747,1.4,11.2,4.9,1.9,0.8,0.5,0.8
234,Hugo González,SG/SF,BOS,20.6,197,1118,0.476,0.500,0.6,3.9,3.3,0.5,0.6,0.3,0.5
235,Jrue Holiday,PG/SG,POR,36.3,484,970,0.451,0.838,2.6,16.3,4.6,6.1,1.0,0.1,2.8
236,Kelly Oubre Jr.,SF/PF,IND,30.8,632,780,0.467,0.766,1.7,14.1,5.0,1.6,1.4,0.5,1.4
237,Quentin Grimes,SG/SF,LAL,26.4,535,908,0.450,0.840,1.7,13.4,3.6,3.3,0.9,0.4,1.8
238,Nikola Vucevic,C,ORL,35.9,240,1069,0.493,0.828,1.6,15.1,8.4,3.3,0.6,0.6,1.3
239,Zuby Ejiofor,PF,ATL,22.4,375,1022,,,,,,,,,
240,Karim Lopez,SF,MEM,19.5,212,1098,,,,,,,,,
241,Danny Wolf,PF/C,BKN,22.4,265,1061,0.405,0.771,1.2,8.9,4.9,2.2,0.5,0.6,1.3
242,2027 Draft (Pick 31-44),,DRA,,211,1098,,,,,,,,,
243,Jay Huff,C,IND,29.1,600,843,0.476,0.828,1.5,9.5,4.0,1.5,0.5,1.9,0.9
244,Jamal Shead,PG,TOR,24.2,512,945,0.367,0.784,1.0,6.6,1.7,5.4,0.9,0.2,1.4
245,Dru Smith,PG/SG,MIA,28.7,568,879,0.415,0.829,0.5,5.6,2.5,2.6,1.4,0.3,0.8
246,Keon Ellis,SG/SF,BKN,26.7,384,1018,0.440,0.729,1.3,6.7,1.9,1.0,1.2,0.6,0.6
247,Isaiah Jackson,C,LAC,24.7,530,919,0.637,0.648,0.0,6.7,5.3,0.9,0.7,0.9,1.1
248,Thomas Sorber,C,OKC,20.8,224,1082,,,,,,,,,
249,De'Anthony Melton,PG/SG,GS,28.3,414,1005,0.406,0.826,1.5,12.3,3.2,2.6,1.6,0.4,1.9
250,Drake Powell,PG/SG,BKN,21.1,355,1027,0.402,0.896,0.8,6.5,1.8,1.4,0.6,0.2,1.0
251,Brice Sensabaugh,SG/SF/PF,UTA,22.9,409,1008,0.460,0.826,2.2,14.9,3.1,1.9,0.7,0.2,1.7
252,Taylor Hendricks,PF/C,MEM,22.9,218,1090,0.459,0.681,1.1,7.4,3.7,0.9,0.8,0.5,0.8
253,Yang Hansen,C,POR,21.3,370,1023,0.310,0.824,0.1,2.2,1.5,0.5,0.1,0.2,0.7
254,Alex Karaban,SF,SAC,23.9,326,1040,,,,,,,,,
255,Ryan Conwell,SG,MIA,22.3,252,1064,,,,,,,,,
256,Sergio de Larrea,PG,DAL,20.8,258,1062,,,,,,,,,
257,Draymond Green,PF/C,GS,36.6,609,833,0.418,0.702,1.5,8.4,5.5,5.5,0.9,0.6,2.7
258,GG Jackson II,SF/PF/C,MEM,21.8,455,987,0.496,0.742,1.2,12.5,4.3,1.5,0.6,0.8,1.5
259,Yves Missi,C,NO,22.4,425,1000,0.544,0.559,0.0,5.7,5.8,1.3,0.3,1.5,0.8
260,Henri Veesaar,,ATL,22.5,,,,,,,,,,,
261,Derrick Jones Jr.,SF/PF,LAC,29.6,639,767,0.499,0.763,1.1,10.1,3.5,1.4,0.9,1.0,0.8
262,Baba Miller,PF,LAC,22.6,393,1013,,,,,,,,,
263,Richie Saunders,SG,MEM,25.0,271,1059,,,,,,,,,
264,Jaron Pierre Jr.,,NO,24.2,,,,,,,,,,,
265,Tyler Bilodeau,PF,BKN,22.5,253,1064,,,,,,,,,
266,Ryan Dunn,SF/PF,PHO,23.7,502,958,0.453,0.489,0.8,5.8,4.2,1.5,0.9,0.4,0.8
267,Miles McBride,PG/SG,NY,26.1,429,999,0.423,0.787,2.7,12.0,2.4,2.6,0.9,0.2,0.8
268,Cody Williams,SG/SF,MIN,21.9,392,1014,0.468,0.706,0.4,8.8,3.0,2.0,0.8,0.4,1.1
269,Josh Minott,SF/PF,BKN,23.8,659,675,0.498,0.787,1.3,7.4,3.2,0.9,0.9,0.5,0.9
270,Justin Champagnie,SF/PF,WAS,25.3,208,1100,0.502,0.784,0.8,8.7,5.6,1.2,0.9,0.6,0.7
271,Luke Kornet,C,SA,31.2,524,931,0.641,0.825,0.0,6.5,6.1,1.9,0.5,1.0,0.4
272,Keldon Johnson,SF/PF,SA,27.0,495,963,0.519,0.794,1.2,13.2,5.4,1.4,0.6,0.1,0.9
273,Scotty Pippen Jr.,PG,MEM,25.9,351,1029,0.443,0.783,1.0,11.4,2.2,4.7,1.9,0.4,2.7
274,Nolan Traoré,PG,BKN,20.3,315,1044,0.380,0.787,1.1,8.9,1.8,3.8,0.8,0.4,2.3
275,Noa Essengue,PF,CHI,19.8,386,1017,0.000,0.000,0.0,0.0,0.0,0.0,0.5,0.0,0.0
276,Pelle Larsson,SG/SF,MIA,25.6,434,997,0.496,0.797,0.9,11.4,3.5,3.4,0.7,0.2,1.4
277,Julian Champagnie,SF/PF,SA,25.3,652,708,0.437,0.844,2.4,11.1,5.8,1.5,0.8,0.5,0.9
278,Sam Merrill,SG/SF,CLE,30.4,603,838,0.461,0.855,3.0,12.8,2.6,2.4,0.6,0.1,0.8
279,Emanuel Sharp,SG,SAC,22.6,380,1021,,,,,,,,,
280,Tarris Reed Jr.,C,SA,23.2,261,1061,,,,,,,,,
281,Isaiah Evans,SG,MIN,20.8,202,1117,,,,,,,,,
282,Kobe Sanders,SG/SF,LAC,24.3,236,1072,0.466,0.826,1.2,7.3,2.3,1.6,0.7,0.1,1.2
283,Devin Carter,PG/SG,BOS,24.5,427,999,0.416,0.713,0.8,8.9,3.3,2.7,0.9,0.2,1.4
284,Trevon Brazile,PF,DEN,23.7,247,1065,,,,,,,,,
285,Izaiyah Nelson,,ORL,23.0,,,,,,,,,,,
286,Koa Peat,PF,PHO,19.7,203,1110,,,,,,,,,
287,Bruce Thornton,PG,HOU,23.0,338,1035,,,,,,,,,
288,D'Angelo Russell,PG/SG,MEM,30.6,485,970,0.405,0.717,1.3,10.2,2.3,4.0,0.5,0.1,1.9
289,Bradley Beal,SG/SF,LAC,33.3,403,1009,0.375,0.750,1.2,8.2,0.8,1.7,0.5,0.0,1.5
290,Goga Bitadze,C,ORL,27.2,650,713,0.676,0.711,0.0,5.9,5.0,1.3,0.6,1.0,0.7
291,Gradey Dick,SG/SF,LAC,22.9,251,1064,0.420,0.875,0.7,6.0,1.9,0.7,0.6,0.1,0.6
292,Jordan Walsh,SF/PF,BOS,22.6,534,909,0.509,0.772,0.7,5.4,4.0,0.8,0.7,0.5,0.5
293,Luke Kennard,SG/SF,PHO,30.3,456,987,0.534,0.913,1.5,8.4,2.3,2.2,0.7,0.1,0.8
294,Jordan Miller,SG/SF,LAC,26.7,341,1034,0.531,0.777,0.6,10.0,3.0,2.3,0.8,0.2,1.1
295,Brandon Williams,PG,GS,26.9,299,1050,0.472,0.793,0.6,13.0,2.9,3.9,0.9,0.3,1.9
296,Jake LaRavia,SF/PF,LAL,24.9,618,815,0.459,0.763,1.0,8.2,4.0,1.8,1.3,0.5,1.1
297,Moussa Cisse,C,DAL,,277,1058,0.574,0.469,0.0,4.5,5.7,0.2,0.5,1.2,0.8
298,Aaron Wiggins,SG/SF,ATL,27.7,645,742,0.431,0.736,1.5,9.4,3.1,1.7,0.9,0.4,1.2
299,Ryan Nembhard,PG,CHA,23.6,348,1031,0.415,0.806,0.8,6.6,2.2,5.3,0.4,0.0,1.4
300,Isaiah Joe,SG/SF,DET,27.2,510,950,0.455,0.894,2.6,11.1,2.5,1.3,0.7,0.2,0.6
301,2027 Draft (Pick 45-60),,DRA,,222,1084,,,,,,,,,
302,Sion James,SG/SF,CHA,23.8,416,1005,0.371,0.837,1.0,5.4,3.5,2.0,0.6,0.2,0.8
303,Walter Clayton Jr.,PG/SG,MEM,23.6,227,1079,0.384,0.901,1.1,7.8,2.0,4.0,0.6,0.3,1.7
304,Alex Caruso,SG/SF,OKC,32.6,601,841,0.422,0.804,1.0,6.2,2.8,2.0,1.3,0.3,0.9
305,Kyle Kuzma,SF/PF,MIL,31.2,500,959,0.492,0.726,1.2,13.0,4.5,2.7,0.7,0.4,1.7
306,Gary Trent Jr.,SG/SF,MIL,27.7,513,945,0.387,0.769,1.9,8.1,1.0,1.2,0.5,0.0,0.6
307,Luguentz Dort,SG/SF,ATL,27.4,499,959,0.385,0.759,1.9,8.3,3.5,1.2,0.9,0.4,0.8
308,Bobby Portis,PF/C,MIA,31.6,525,929,0.488,0.706,2.0,13.7,6.4,1.6,0.6,0.2,1.0
309,Adem Bona,C,PHI,23.5,412,1005,0.595,0.708,0.0,4.8,4.3,0.5,0.4,1.2,0.8
310,Moses Moody,SG/SF/PF,GS,24.3,443,992,0.440,0.770,2.5,12.1,3.3,1.6,1.0,0.6,1.0
311,Pat Spencer,PG/SG,PHO,30.2,257,1063,0.427,0.772,0.9,7.2,2.4,3.5,0.7,0.1,1.3
312,Tristan Da Silva,SF/PF,ORL,25.4,260,1062,0.450,0.884,1.6,9.9,3.7,1.6,0.9,0.3,0.9
313,Bones Hyland,PG/SG,MIN,26.0,647,734,0.453,0.780,1.6,8.5,1.8,2.6,0.6,0.2,1.0
314,Grant Williams,PF/C,CHA,27.8,649,719,0.426,0.815,1.4,7.0,3.9,1.6,0.5,0.5,0.9
315,Andre Drummond,C,NY,33.1,602,839,0.472,0.631,0.5,6.4,8.4,1.3,0.6,0.8,1.0
316,Dennis Schröder,PG/SG,CHA,33.0,656,687,0.405,0.834,1.1,10.8,2.7,4.9,0.8,0.2,1.8
317,Duncan Robinson,SG/SF,DET,32.4,694,598,0.456,0.755,2.9,12.2,2.7,2.1,0.6,0.3,0.7
318,Spencer Jones,SF/PF,DEN,25.3,220,1088,0.504,0.608,0.9,5.5,3.3,0.8,0.8,0.5,0.5
319,Marcus Smart,PG/SG,HOU,32.6,627,794,0.395,0.822,1.6,9.3,2.8,3.0,1.4,0.4,1.5
320,Julian Strawther,SG/SF,DEN,24.4,625,802,0.467,0.814,1.0,7.2,2.0,1.1,0.4,0.1,0.6
321,Rob Dillingham,PG/SG,CHI,21.7,328,1039,0.396,0.745,0.7,6.3,2.0,2.2,0.7,0.1,1.5
322,Zach Collins,C,CHI,28.9,574,872,0.578,0.700,0.9,9.7,5.6,1.5,0.2,0.4,1.0
323,Johnny Furphy,SG/SF,IND,21.8,519,937,0.470,0.486,0.7,5.1,4.4,1.2,0.6,0.2,0.8
324,Quinten Post,C,MEM,26.5,528,923,0.440,0.791,1.4,7.7,4.0,1.4,0.4,0.5,0.8
325,Marcus Sasser,PG,DAL,26.0,570,877,0.390,0.833,1.2,5.2,1.0,2.0,0.5,0.1,0.8
326,Precious Achiuwa,PF/C,SAC,27.0,616,819,0.529,0.554,0.4,10.1,6.7,1.4,0.9,0.7,0.9
327,Ja'Kobe Walter,PG/SG,TOR,22.1,359,1027,0.446,0.789,1.5,7.5,2.6,1.2,1.0,0.2,0.5
328,Harrison Barnes,PF,SA,34.3,700,594,0.457,0.829,1.8,10.0,2.8,1.9,0.6,0.2,0.8
329,Marvin Bagley III,PF/C,DEN,27.5,646,737,0.618,0.660,0.4,10.5,6.1,1.4,0.5,0.7,1.0
330,Baylor Scheierman,SG/SF,BOS,26.0,491,965,0.453,0.903,1.3,5.5,3.5,1.5,0.5,0.1,0.6
331,Moritz Wagner,C,BKN,29.4,643,746,0.426,0.819,0.6,6.9,3.2,0.8,0.4,0.1,0.5
332,Cameron Payne,PG/SG,PHI,32.1,585,862,0.376,0.864,1.5,7.4,2.0,2.6,1.1,0.3,0.5
333,Royce O'Neale,SF/PF,CHA,33.3,681,614,0.421,0.711,2.7,9.8,4.8,2.7,1.1,0.4,1.3
334,Killian Hayes,PG/SG,SAC,25.2,720,583,0.304,0.929,0.7,5.5,2.3,3.5,0.9,0.2,1.2
335,Caleb Love,PG/SG,PHI,25.0,,,0.388,0.735,1.9,10.4,2.3,2.5,0.6,0.1,1.3
336,Khris Middleton,SF/PF,WAS,35.1,580,869,0.420,0.875,1.1,10.2,3.7,2.8,0.7,0.1,1.7
337,Jeremy Sochan,PF/C,POR,23.4,501,959,0.500,0.731,0.3,3.6,2.4,0.9,0.4,0.2,0.5
338,DaRon Holmes II,PF/C,DEN,24.1,408,1008,0.508,0.786,0.8,3.7,1.4,0.6,0.0,0.2,0.5
339,Nikola Topic,PG,OKC,21.1,305,1048,0.431,0.400,0.6,5.2,1.9,4.4,0.5,0.0,2.5
340,Vince Williams Jr.,PG/SG,UTA,26.1,476,975,0.353,0.780,1.4,7.5,3.9,4.2,0.7,0.4,1.8
341,Jose Alvarado,PG,NY,28.5,689,603,0.416,0.761,1.5,7.4,2.5,3.4,1.0,0.1,1.1
342,Nae'Qwan Tomlin,SF/PF,CLE,25.8,,,0.478,0.770,0.4,5.8,2.9,0.8,0.6,0.5,0.5
343,Ben Sheppard,SG/SF,IND,25.2,648,732,0.434,0.765,1.3,7.1,3.0,1.8,0.6,0.1,0.6
344,Brook Lopez,C,LAC,38.5,642,752,0.428,0.757,1.5,8.5,3.6,1.3,0.6,1.2,0.8
345,Steven Adams,C,HOU,33.2,654,696,0.504,0.580,0.0,5.8,8.6,1.5,0.7,0.7,1.1
346,Karlo Matkovic,PF/C,NO,25.5,520,935,0.604,0.732,0.6,5.7,3.7,0.8,0.4,0.9,0.5
347,Jaxson Hayes,C,UTA,26.4,676,623,0.756,0.653,0.1,7.5,4.1,0.9,0.4,0.8,0.5
348,Jase Richardson,PG/SG,ORL,21.0,387,1017,0.473,0.717,0.5,4.4,1.2,1.1,0.4,0.0,0.5
349,Klay Thompson,SG/SF,MIA,36.6,657,683,0.393,0.766,2.9,11.7,2.1,1.4,0.5,0.3,0.9
350,Kevin Huerter,SG/SF,DET,28.1,586,858,0.451,0.775,1.5,10.0,3.5,2.6,0.9,0.5,1.0
351,Ziaire Williams,SG/SF,LAL,25.0,636,772,0.425,0.850,1.5,10.2,2.4,1.1,1.4,0.4,1.1
352,Dean Wade,SF/PF,PHI,29.9,572,874,0.439,0.711,1.2,5.8,4.2,1.5,0.7,0.4,0.3
353,Landry Shamet,SG/SF,NY,29.5,,,0.437,0.711,2.0,9.3,1.8,1.4,0.6,0.2,0.6
354,Cam Thomas,PG/SG,MIL,25.0,350,1029,0.410,0.810,1.2,13.5,1.7,2.6,0.2,0.1,1.8
355,Jordan Goodwin,PG/SG,PHO,27.9,756,565,0.413,0.696,1.6,8.7,4.9,2.2,1.5,0.2,0.9
356,Isaac Okoro,SG/SF,CHI,25.7,634,777,0.461,0.795,1.2,9.3,2.7,1.6,0.7,0.5,0.7
357,Bronny James,PG/SG,LAL,22.0,581,867,0.409,0.857,0.5,2.9,0.5,1.2,0.5,0.1,0.6
358,Kris Dunn,PG/SG,LAC,32.5,707,588,0.476,0.765,1.0,7.3,3.3,3.6,1.6,0.2,1.4
359,Tyler Kolek,PG/SG,NY,25.5,515,942,0.435,0.700,0.7,4.4,1.6,2.7,0.4,0.1,0.9
360,Tyus Jones,PG,DEN,30.4,517,938,0.349,0.778,0.6,3.0,1.1,2.4,0.6,0.0,0.4
361,Bruce Brown,PG/SG,NY,30.1,633,779,0.476,0.764,0.7,7.9,3.9,2.1,1.0,0.3,1.1
362,Lonzo Ball,PG/SG,UTA,28.9,486,969,0.301,0.667,1.1,4.6,4.0,3.9,1.3,0.3,1.5
363,Tre Jones,PG/SG,CHI,26.7,496,962,0.553,0.841,0.6,14.1,3.1,5.4,1.2,0.2,1.4
364,Micah Peavy,SF/PF,MEM,25.2,312,1045,0.385,0.759,0.5,4.3,1.9,1.0,0.7,0.1,0.3
365,AJ Green,PG/SG/SF,MIL,27.0,723,581,0.424,0.855,3.0,10.4,2.7,1.9,0.5,0.1,1.0
366,RayJ Dennis,PG,ATL,25.5,344,1033,0.313,0.889,0.8,4.4,1.5,1.9,0.2,0.2,1.0
367,Guerschon Yabusele,PF/C,CHI,30.8,493,964,0.401,0.750,1.0,5.6,3.5,0.9,0.4,0.2,0.6
368,T.J. McConnell,PG,IND,34.5,685,608,0.538,0.862,0.3,9.4,2.2,5.1,1.0,0.2,1.1
369,Patrick Williams,SF/PF,CHI,25.1,400,1010,0.372,0.720,1.3,7.0,3.0,1.5,0.7,0.4,1.0
370,Dominick Barlow,PF/C,PHI,23.3,593,852,0.536,0.718,0.3,7.7,4.8,1.2,0.9,0.7,0.8
371,Tyrese Martin,SG/SF,PHI,27.6,334,1037,0.394,0.679,1.2,6.3,2.5,1.7,0.5,0.2,0.9
372,Javon Small,PG/SG,MEM,23.8,266,1061,0.465,0.829,1.5,9.7,3.1,3.7,0.8,0.2,1.4
373,Will Richard,SG/SF,GS,23.8,,,0.470,0.852,1.0,6.4,2.5,1.3,1.2,0.1,0.8
374,Corey Kispert,SG/SF,ATL,27.6,537,906,0.467,0.794,1.5,9.2,2.3,1.6,0.3,0.2,0.8
375,Jaden Hardy,PG/SG/SF,LAL,24.2,599,844,0.424,0.733,1.8,9.2,1.5,1.0,0.3,0.1,1.1
376,Ben Saraf,SG,BKN,20.5,246,1065,0.396,0.830,0.4,7.5,2.1,3.3,0.9,0.2,2.3
377,Sam Hauser,SF/PF,BOS,28.8,385,1018,0.419,0.850,2.5,9.2,3.8,1.5,0.5,0.3,0.4
378,Buddy Hield,SG/SF,CHA,33.8,623,804,0.437,0.811,1.5,7.6,2.3,1.4,0.8,0.2,0.9
379,Ron Harper Jr.,SF,BOS,26.5,280,1057,0.418,0.750,1.0,4.2,1.7,0.8,0.3,0.3,0.3
380,Tre Mann,PG/SG,WAS,25.7,505,956,0.360,0.852,0.9,5.5,1.7,1.6,0.5,0.1,1.0
381,Vít Krejcí,SG/SF,POR,26.3,441,993,0.447,0.745,2.0,8.5,2.3,1.5,0.7,0.3,0.6
382,Tim Hardaway Jr.,SG/SF,MIA,34.5,739,576,0.447,0.811,2.8,13.5,2.6,1.4,0.5,0.1,0.5
383,Haywood Highsmith,SF/PF,PHO,29.8,740,575,0.522,0.857,1.1,5.4,1.9,1.0,0.6,0.0,0.0
384,Dalton Knecht,SG/SF,LAL,25.4,447,990,0.455,0.727,0.7,4.2,1.4,0.4,0.2,0.2,0.4
385,Mouhamed Gueye,PF/C,ATL,23.9,273,1059,0.452,0.645,0.5,4.4,3.6,0.9,0.8,0.5,0.4
386,Trendon Watford,PF,NO,25.9,431,998,0.515,0.779,0.2,6.5,3.3,2.5,0.3,0.4,1.2
387,Jonathan Isaac,PF/C,ORL,29.0,563,881,0.422,0.603,0.1,2.6,2.5,0.4,0.4,0.6,0.3
388,Matisse Thybulle,SG/SF,LAL,29.6,677,617,0.433,0.840,1.2,5.8,2.0,0.9,2.0,0.5,0.9
389,Jordan Hawkins,SG/SF,MEM,24.4,382,1020,0.366,0.852,0.9,5.1,1.7,0.8,0.3,0.2,0.7
390,Asa Newell,PF/C,ATL,21.0,242,1068,0.538,0.552,0.7,5.2,2.2,0.6,0.4,0.3,0.5
391,Jordan Clarkson,SG/SF,NY,34.3,617,817,0.451,0.830,1.0,8.6,1.8,1.3,0.4,0.1,0.9
392,Dariq Whitehead,PF,MEM,22.2,637,768,0.398,0.714,3.2,16.3,4.0,1.5,0.7,0.0,1.7
393,Olivier-Maxence Prosper,SF/PF/C,MEM,24.2,738,577,0.549,0.754,1.1,10.0,3.5,1.0,0.8,0.2,0.9
394,Jock Landale,C,ATL,30.9,701,592,0.515,0.635,1.1,10.6,5.7,1.7,0.5,0.5,0.9
395,Tristan Vukcevic,C,WAS,23.6,290,1053,0.479,0.784,1.0,9.0,3.0,1.1,0.5,0.7,1.3
396,Kris Murray,SG/SF,MEM,26.1,651,710,0.467,0.684,0.6,5.8,3.6,1.4,0.9,0.4,0.8
397,Cole Anthony,PG,PHO,26.4,504,958,0.424,0.615,0.6,6.7,2.5,3.5,0.6,0.3,1.9
398,Luka Garza,C,BOS,27.8,613,823,0.577,0.769,0.8,8.1,4.1,1.0,0.4,0.4,0.7
399,Trayce Jackson-Davis,C,TOR,26.6,482,971,0.577,0.514,0.0,3.4,2.7,0.7,0.3,0.5,0.4
400,Josh Green,SG/SF,UTA,25.9,523,931,0.459,0.893,1.0,4.3,1.8,0.8,0.6,0.1,0.6
401,Noah Penda,SF/PF,ORL,21.7,406,1009,0.404,0.688,0.5,3.8,3.2,1.2,0.5,0.3,0.7
402,Chaz Lanier,SG,DET,24.8,448,990,0.315,0.833,0.6,2.4,0.7,0.5,0.2,0.0,0.1
403,Liam McNeeley,SF,CHA,21.0,319,1042,0.400,0.821,0.8,4.3,2.4,0.8,0.2,0.1,0.4
404,Thomas Bryant,C,CLE,29.2,683,611,0.506,0.803,0.8,6.2,3.4,0.6,0.3,0.5,0.5
405,Bennett Stirtz,PG,OKC,23.0,322,1041,,,,,,,,,
406,Chris Cenac Jr.,PF,BOS,19.7,358,1027,,,,,,,,,
407,Malique Lewis,PF,MIL,21.9,314,1044,,,,,,,,,
408,Felix Okpara,PF,WAS,22.4,297,1051,,,,,,,,,
409,Tobi Lawal,PF,DAL,23.4,483,971,,,,,,,,,
410,Michael Ajayi,SF,CHA,23.4,445,992,,,,,,,,,
411,Vsevolod Ishchenko,PG,DAL,21.6,357,1027,,,,,,,,,
412,Meleek Thomas,SG,CLE,20.1,371,1023,,,,,,,,,
413,Dillon Mitchell,PF,BOS,23.0,381,1020,,,,,,,,,
414,Nick Boyd,PG,GS,25.4,506,956,,,,,,,,,
415,Tyler Nickel,SF,NY,23.1,433,997,,,,,,,,,
416,Jack Kayil,SG,NY,20.7,405,1009,,,,,,,,,
417,Aaron Nkrumah,SG,DEN,24.8,379,1021,,,,,,,,,
418,Ben Simmons,PG,SAC,30.2,668,644,,,,,,,,,
419,Jonathan Mogbo,PF/C,SAC,24.9,490,965,0.591,0.643,0.0,1.5,1.7,0.6,0.3,0.2,0.4
420,Bogdan Bogdanovic,PG/SG/SF,HOU,34.1,531,918,0.388,0.800,1.4,7.4,2.6,2.2,0.4,0.1,1.2
421,Andre Jackson Jr.,SG/SF,TOR,24.9,697,595,0.328,0.625,0.3,2.4,1.5,0.9,0.4,0.1,0.6
422,Alijah Martin,PG/SG,TOR,24.8,388,1015,0.320,0.789,0.2,2.2,0.9,0.5,0.3,0.2,0.3
423,Johni Broome,C,LAC,24.2,376,1022,0.167,0.333,0.0,0.9,1.5,0.4,0.3,0.2,0.3
424,Adou Thiero,SF/PF,LAL,22.4,457,987,0.516,0.636,0.0,1.9,1.1,0.4,0.3,0.1,0.4
425,Chaz Lanier,SG,DET,24.8,448,990,0.315,0.833,0.6,2.4,0.7,0.5,0.2,0.0,0.1
426,Chris Youngblood,SG,POR,24.6,364,1025,0.349,0.900,0.5,2.1,0.8,0.4,0.1,0.1,0.1
427,Kelly Olynyk,PF/C,SA,35.4,672,629,0.490,0.711,0.3,3.2,1.9,1.2,0.4,0.1,0.6
428,Koby Brea,SG,PHO,23.9,489,966,0.417,1.000,1.1,3.8,0.7,0.8,0.1,0.0,0.3
429,Jarred Vanderbilt,PF/C,LAL,27.5,655,694,0.471,0.589,0.5,4.4,4.5,1.3,0.8,0.3,0.9
430,Nick Richards,C,MIA,28.8,538,904,0.512,0.644,0.1,5.9,5.2,0.3,0.2,0.7,1.3
431,Jonas Valanciunas,C,DEN,34.4,621,808,0.582,0.772,0.1,8.7,5.1,1.2,0.2,0.6,1.1
432,Brandon Boston Jr,SF/PF,NO,24.8,298,1051,,,,,,,,,
433,Jalen Wilson,SF/PF,ATL,25.9,503,958,0.396,0.719,1.0,6.4,2.1,0.9,0.4,0.0,0.7
434,AJ Johnson,PG/SG,NO,23.8,205,1104,0.324,0.850,0.3,3.3,1.1,1.0,0.2,0.1,0.6
435,Wendell Moore Jr.,SG/SF,DET,25.0,360,1026,0.571,1.000,0.0,1.7,0.8,0.7,0.3,0.3,0.2
436,Nikola Djurisic,SF,ATL,22.6,394,1012,,,,,,,,,
437,Jared Butler,PG/SG,PHO,26.1,509,952,,,,,,,,,
438,Ochai Agbaji,SG/SF,NY,26.4,665,649,0.436,0.837,0.6,5.1,2.3,0.8,0.4,0.3,0.5
439,Jaden Ivey,PG/SG,CHI,24.6,345,1033,0.445,0.809,1.4,8.5,2.5,1.8,0.6,0.4,1.1
440,Taurean Prince,SF/PF,DET,32.5,584,863,0.450,1.000,2.4,9.2,3.1,1.8,0.6,0.2,1.2
441,Clint Capela,C,HOU,32.4,451,989,0.520,0.577,0.0,3.8,4.6,0.7,0.5,0.8,0.5
442,Bol Bol,PF/C,PHO,26.9,736,577,,,,,,,,,
443,Tidjane Salaun,PF/C,CHA,21.1,413,1005,0.503,0.650,1.0,6.0,4.0,0.8,0.4,0.2,0.7
444,Caleb Martin,SF/PF,DAL,31.0,611,825,0.450,0.607,0.3,3.9,2.5,1.4,0.7,0.3,0.7
445,Richaun Holmes,C,WAS,33.0,734,578,,,,,,,,,
446,Jett Howard,SG/SF,DAL,23.0,661,674,0.420,0.949,1.0,5.5,1.6,0.8,0.2,0.2,0.3
447,Dalano Banton,PG/SG,BOS,26.9,587,858,0.333,1.000,0.0,2.0,0.8,1.8,0.3,0.8,1.3
448,John Konchar,SG/SF,NY,30.5,733,578,0.472,0.727,0.5,4.4,4.3,2.1,1.5,0.7,0.6
449,James Wiseman,C,NY,25.5,644,745,0.600,0.500,0.0,3.3,2.0,0.8,0.0,0.3,1.3
450,Bobi Klintman,PF,DET,23.6,521,934,0.333,0.000,0.3,1.8,1.6,0.5,0.3,0.0,0.5
451,Terance Mann,SG/SF,BKN,29.9,630,785,0.458,0.788,0.9,7.2,3.2,3.0,0.7,0.2,1.1
452,Duop Reath,PF/C,PHO,30.3,579,869,0.446,0.833,0.7,2.9,1.2,0.3,0.2,0.3,0.2
453,Maxi Kleber,PF/C,LAL,34.7,728,579,0.452,0.538,0.1,2.0,2.0,0.6,0.4,0.3,0.4
454,Georges Niang,PF,GS,33.3,573,873,,,,,,,,,
455,Keon Johnson,PG/SG,BKN,24.6,508,954,,,,,,,,,
456,Ariel Hukporti,C,PHI,24.5,549,896,0.562,0.788,0.0,2.2,3.0,0.5,0.2,0.5,0.6
457,Spencer Dinwiddie,PG/SG,CHA,33.5,693,598,,,,,,,,,
458,Malaki Branham,SG/SF,ORL,23.4,660,674,0.473,0.824,0.5,4.6,1.6,0.8,0.4,0.1,0.5
459,Dante Exum,PG/SG,WAS,31.2,712,585,,,,,,,,,
460,Eric Gordon,SG/SF,MEM,37.8,692,599,0.571,0.500,1.3,5.5,0.3,0.5,0.7,0.2,0.5
461,Kentavious Caldwell-Pope,SG/SF,PHI,33.6,653,701,0.410,0.912,1.1,8.4,2.5,2.7,0.8,0.2,1.2
462,Markelle Fultz,PG/SG,TOR,28.3,620,810,0.182,0.000,0.0,0.8,0.2,1.6,0.4,0.0,0.8
463,Jabari Walker,PF,PHI,24.2,564,881,0.455,0.735,0.5,4.3,3.0,0.5,0.4,0.2,0.4
464,Craig Porter Jr.,PG/SG,CLE,26.6,461,986,0.450,0.600,0.5,4.5,3.4,3.2,0.9,0.6,0.9
465,Tosan Evbuomwan,SF/PF,CHA,25.6,293,1052,0.000,0.000,0.0,0.0,0.4,0.0,0.0,0.0,0.0
466,MarJon Beauchamp,SG/SF,PHI,26.0,751,570,0.434,0.684,1.1,6.8,2.3,1.1,0.6,0.3,0.9
467,Larry Nance Jr.,PF/C,IND,33.7,684,610,0.419,0.462,0.6,3.7,2.7,1.0,0.6,0.2,0.6
468,Caleb Houstan,SF,NO,23.7,666,649,0.538,1.000,0.6,2.3,0.6,0.2,0.1,0.1,0.2
469,Jeremiah Robinson-Earl,PF,IND,25.9,569,878,0.370,0.944,0.5,4.6,4.7,0.7,0.4,0.0,0.5
470,Pacome Dadiet,SG/SF,NY,21.2,533,910,0.340,0.818,0.2,1.7,0.9,0.4,0.1,0.0,0.1
471,Jesse Edwards,C,MIN,26.5,310,1045,,,,,,,,,
472,Alec Burks,SG/SF,MIA,35.2,759,556,,,,,,,,,
473,Johnny Juzang,SG/SF,MIN,25.5,545,898,0.421,0.625,0.3,2.0,0.8,0.3,0.1,0.0,0.2
474,Trey Jemison,PF/C,TOR,26.8,575,872,0.600,1.000,0.0,1.0,1.4,0.4,0.1,0.2,0.8
475,Trevelin Queen,SG/SF,ORL,29.6,440,993,,,,,,,,,
477,Tolu Smith,,DET,26.2,362,1025,0.500,0.667,0.0,3.7,3.3,0.9,0.1,0.4,0.5
478,Javonte Green,SG/SF,DET,33.2,292,1052,0.447,0.840,1.2,6.9,2.8,0.7,1.3,0.3,0.5
479,Pete Nance,SF/PF,MIL,26.6,295,1051,0.515,0.364,1.1,5.4,2.7,1.0,0.3,0.3,0.6
480,Mac McClung,PG/SG,CHI,25.7,291,1052,0.390,0.778,0.6,6.1,0.9,0.9,1.0,0.3,0.8
481,Tony Bradley,C,IND,28.7,,,0.547,0.744,0.1,4.1,2.9,0.6,0.2,0.2,0.5
482,Myron Gardner,SG/SF,MIA,25.4,234,1073,0.480,0.731,0.6,3.6,2.7,1.0,0.4,0.2,0.4
483,Luke Travers,SF,CLE,25.1,465,984,0.250,1.000,0.1,2.3,2.0,0.8,0.6,0.3,0.3
484,Riley Minix,,CLE,26.0,,,0.609,1.000,0.4,3.9,0.7,0.6,0.2,0.1,0.3
485,Jamir Watkins,SG/SF,WAS,25.2,243,1068,0.446,0.695,0.9,7.4,3.9,1.3,1.1,0.5,0.8
486,Tyrese Proctor,PG/SG,CLE,22.5,296,1051,0.413,0.889,0.9,5.4,1.3,1.5,0.5,0.0,0.8
487,Elijah Harkless,PG/SG,DET,26.7,283,1056,0.335,0.766,0.8,6.8,2.0,2.9,1.2,0.2,1.0
488,Hunter Dickinson,,NO,25.8,285,1056,0.357,1.000,0.0,2.4,1.0,0.4,0.2,0.4,0.6
489,Taelon Peter,,SA,24.6,270,1059,0.380,0.625,1.1,4.5,1.6,1.1,0.7,0.1,0.7
490,Amari Williams,,BOS,24.7,335,1037,0.500,0.714,0.0,1.4,1.8,0.5,0.1,0.5,0.5
491,Brooks Barnhizer,,OKC,24.6,287,1054,0.380,0.700,0.2,1.7,2.0,0.6,0.3,0.1,0.3
492,Nigel Hayes,,MIL,31.8,,,0.349,0.500,0.1,1.4,1.3,0.3,0.3,0.0,0.3
492,Nigel Hayes,,MIL,31.8,,,0.000,0.500,0.0,0.3,1.0,0.0,0.3,0.3,0.3
493,Mark Sears,,MIL,24.6,254,1064,0.462,0.750,0.6,3.1,0.3,0.3,0.0,0.0,0.6
494,Chris Mañon,,LAL,24.8,369,1023,0.333,0.750,0.0,0.8,1.1,0.3,0.6,0.2,0.1
495,Miles Kelly,,DAL,23.7,238,1070,0.364,1.000,0.7,3.1,1.7,0.9,0.3,0.1,0.4
496,Hunter Sallis,,PHI,23.5,284,1056,0.600,0.500,0.0,1.0,0.1,0.6,0.0,0.1,0.7
497,Mohamed Diawara,PF,NY,21.4,327,1040,0.423,0.750,0.7,3.6,1.4,0.8,0.2,0.1,0.4
498,Sharife Cooper,PG,WAS,25.3,264,1061,0.514,0.833,0.7,8.1,2.1,3.0,0.4,0.1,1.5
499,Tyson Etienne,PG,BKN,27.0,,,0.400,0.833,1.8,7.9,1.1,1.7,0.5,0.0,0.7
500,Jahmyl Telfort,,LAC,,,,0.000,0.250,0.0,0.1,0.4,0.1,0.1,0.0,0.1
501,Malik Beasley,SG/SF,DET,29.8,663,664,,,,,,,,,
502,Daniel Theis,C,NO,34.5,635,773,,,,,,,,,
503,Chimezie Metu,PF/C,FA,29.5,390,1015,,,,,,,,,
504,Gary Harris,SG/SF,DET,32.0,571,876,0.442,0.889,0.6,2.7,1.3,1.1,0.6,0.2,0.4
505,Trey Lyles,PF,MIN,30.9,548,898,,,,,,,,,
506,Reggie Jackson,PG/SG,PHI,36.5,610,832,,,,,,,,,
507,Chris Duarte,SG,CHI,29.3,732,578,,,,,,,,,
508,Juan Nunez,PG,SA,22.3,590,855,,,,,,,,,
509,PJ Hall,C,CHA,24.6,557,886,0.508,0.793,0.2,4.5,3.9,0.5,0.2,0.5,0.8
510,Xavier Tillman Sr.,PF/C,POR,27.7,742,574,0.435,0.250,0.1,1.5,1.4,0.4,0.3,0.2,0.3
511,Kobe Bufkin,PG/SG,NO,23.0,383,1019,0.300,0.917,0.3,2.9,0.8,0.6,0.1,0.2,0.3
512,KJ Simpson,PG/SG,DEN,24.1,619,811,0.343,0.611,0.6,4.6,1.9,2.1,0.8,0.0,1.3
513,Kyle Anderson,SF/PF,TOR,33.0,678,617,0.530,0.706,0.1,6.2,3.5,2.9,1.0,0.6,0.9
514,Kevon Looney,PF/C,LAL,30.6,749,572,0.417,0.700,0.1,2.8,5.6,1.6,0.4,0.5,0.4
515,Jalen Hood-Schifino,SG/SF,PHI,23.3,722,582,,,,,,,,,
516,Dario Saric,PF/C,DET,32.5,608,833,0.167,1.000,0.2,1.0,1.2,0.4,0.0,0.0,0.4
517,Nick Smith Jr.,PG/SG,LAL,22.4,624,803,0.435,0.733,1.1,6.2,0.8,1.0,0.3,0.1,0.7
518,Jae'Sean Tate,SG/SF/PF,HOU,30.9,727,580,0.514,0.636,0.2,2.8,1.6,0.5,0.2,0.1,0.3
519,Cam Christie,SG/SF,LAC,21.2,401,1010,0.381,0.760,0.2,2.8,1.4,0.6,0.3,0.1,0.4
520,Talen Horton-Tucker,SG/SF,CHI,25.8,669,640,,,,,,,,,
521,Mike Conley,PG,BOS,39.0,682,613,0.335,0.900,1.0,4.5,1.7,2.9,0.6,0.3,0.6
522,Al Horford,PF/C,GS,40.3,695,596,0.425,0.846,1.6,8.3,4.9,2.6,0.7,1.1,0.9
523,Mo Bamba,C,UTA,28.4,713,585,0.455,0.000,0.0,2.5,5.5,0.3,0.0,0.8,0.5
524,Svi Mykhailiuk,SG/SF,UTA,29.3,452,989,0.478,0.893,2.0,9.4,2.5,1.9,0.5,0.1,0.8
525,Gary Payton II,SG/SF,GS,33.8,752,570,0.583,0.650,0.5,7.5,3.6,1.7,0.9,0.3,0.8
526,Christian Koloko,C,NO,26.3,286,1055,0.419,0.667,0.0,2.7,3.0,0.7,0.5,0.9,0.6
527,Dorian Finney-Smith,SF/PF,ATL,33.4,670,633,0.333,0.889,0.7,3.3,2.5,1.0,0.4,0.2,0.6
528,Tyler Smith,PF,DAL,21.9,539,903,,,,,,,,,
529,Trey Alexander,PG/SG,UTA,24.4,304,1048,0.514,0.600,0.7,5.2,1.2,1.0,0.7,0.2,0.3
530,Drew Eubanks,C,NY,29.7,706,589,0.596,0.561,0.0,5.2,3.0,0.5,0.4,0.6,0.7
531,Emoni Bates,SG/SF,CLE,22.7,741,575,,,,,,,,,
532,Nicolas Batum,SF/PF,LAC,37.8,562,883,0.403,0.818,1.2,4.0,2.5,0.9,0.6,0.3,0.5
533,Jamaree Bouyea,PG,PHO,27.3,318,1042,0.458,0.686,0.5,5.7,1.8,1.8,0.6,0.3,0.7
534,Josh Richardson,PG/SG,MIA,33.0,615,821,,,,,,,,,
535,Cody Martin,SG/SF,IND,31.0,567,879,0.200,0.500,0.0,1.8,3.5,0.5,1.0,0.5,1.0
536,Dillon Jones,SF,NY,24.9,556,887,0.222,1.000,0.1,1.3,1.0,0.6,0.4,0.0,0.0
537,Bojan Bogdanovic,SF/PF,BKN,37.4,711,586,,,,,,,,,
538,Josh Okogie,SG/SF,UTA,28.1,675,624,0.424,0.594,0.8,4.5,2.6,0.9,0.8,0.2,0.5
539,Jalen McDaniels,SF/PF,NO,28.7,686,608,,,,,,,,,
540,Devonte' Graham,PG/SG,POR,31.6,542,900,,,,,,,,,
541,Kai Jones,C,DAL,25.7,591,854,,,,,,,,,
542,Amir Coffey,SG/SF,PHO,29.3,606,835,0.487,0.786,0.4,3.2,1.2,0.6,0.2,0.1,0.2
543,Christian Wood,PF/C,LAL,31.0,705,589,,,,,,,,,
544,Vasilije Micic,PG/SG,MIL,32.7,673,627,,,,,,,,,
545,Pat Connaughton,SG/SF,CHA,33.7,719,584,0.447,0.650,0.5,2.6,1.5,0.4,0.3,0.0,0.3
546,Bryce McGowens,SG/SF,NO,23.9,614,822,0.481,0.779,0.9,8.1,2.1,1.5,0.6,0.2,0.4
547,Seth Curry,PG/SG,GS,36.1,555,889,0.490,0.917,1.2,7.1,1.2,1.0,0.3,0.0,0.2
548,Gabe Vincent,PG/SG,ATL,30.3,743,573,0.352,0.870,1.1,4.4,1.0,1.4,0.5,0.1,0.5
549,Kevin McCullar Jr.,SF/PF,NY,25.5,449,989,0.426,0.400,0.4,2.4,1.3,1.0,0.4,0.0,0.6
550,David Roddy,SF/PF,DEN,25.5,687,607,0.500,1.000,0.6,8.0,4.2,0.8,0.8,0.2,0.4
551,Bismack Biyombo,C,SA,34.1,497,961,0.600,0.714,0.0,0.9,1.0,0.2,0.2,0.1,0.3
553,Doug McDermott,SF/PF,SAC,34.7,274,1059,0.388,0.889,1.7,5.7,1.3,0.8,0.2,0.1,0.4
554,Juan Toscano-Anderson,SF,FA,33.5,331,1038,,,,,,,,,
555,Zeke Nnaji,PF/C,DEN,25.7,544,899,0.470,0.773,0.3,3.7,2.6,0.6,0.3,0.5,0.5
556,Nerlens Noel,C,FA,32.5,471,979,,,,,,,,,
557,Kenrich Williams,PF/C,OKC,31.8,761,545,0.473,0.635,0.9,6.5,3.3,1.4,0.6,0.1,0.8
558,Dwight Powell,C,DAL,35.2,561,883,0.644,0.696,0.0,3.3,4.1,1.1,0.5,0.3,0.7
559,Jevon Carter,PG/SG,ORL,31.0,718,584,0.401,0.789,1.5,6.4,1.7,1.6,0.8,0.2,0.7
560,Enrique Freeman,PF,MIN,26.2,,,0.500,0.750,0.5,3.3,2.5,0.5,0.5,0.8,0.5
561,Ömer Yurtseven,C,GS,28.3,754,567,0.423,0.667,0.0,3.8,3.3,0.9,0.2,0.1,1.0
562,Jalen Slawson,SF/PF,IND,26.9,731,578,0.442,0.706,1.2,7.3,4.4,2.8,1.5,1.1,1.3
563,Delon Wright,PG/SG,NY,34.4,725,581,,,,,,,,,
564,Blake Wesley,PG/SG,POR,23.5,576,872,0.452,0.553,0.3,4.8,1.3,2.0,0.5,0.2,1.0
565,Isaiah Livers,SF/PF,PHO,28.2,747,573,0.344,0.750,0.3,1.8,1.7,0.6,0.4,0.2,0.3
566,Jaden Springer,SG,NO,24.0,662,664,,,,,,,,,
567,Jalen Bridges,SF,PHO,25.4,339,1035,,,,,,,,,
568,Kenyon Martin Jr.,SF/PF,UTA,25.7,717,584,,,,,,,,,
569,Simone Fontecchio,SF/PF,MIA,30.8,760,553,0.412,0.843,1.8,8.5,3.0,1.4,0.5,0.1,0.7
570,Keshad Johnson,SF/PF,MIA,25.3,330,1038,0.490,0.724,0.4,4.3,2.0,0.3,0.5,0.3,0.4
571,Tristen Newton,SG/SF,HOU,25.4,373,1022,0.444,0.667,2.0,12.0,3.0,0.0,1.0,0.0,0.0
572,Johnny Davis,SG/SF,MEM,24.6,688,604,,,,,,,,,
573,David Jones,SG,SA,24.8,558,886,0.520,0.500,0.3,2.9,1.2,1.6,0.5,0.1,0.5
575,Charles Bassey,C,GS,25.9,737,577,0.660,0.700,0.0,5.8,4.4,0.5,0.3,0.8,0.5
576,Ulrich Chomche,C,TOR,20.7,303,1049,,,,,,,,,
577,Bruno Fernando,C,TOR,28.1,249,1064,,,,,,,,,
578,Aleksej Pokuševski,PF/C,FA,24.8,753,567,,,,,,,,,
580,Monte Morris,PG/SG,IND,31.3,577,871,0.350,0.500,0.3,3.0,1.2,1.5,0.2,0.2,0.3
581,Lonnie Walker IV,SG,DEN,27.8,744,573,,,,,,,,,
582,Cam Reddish,SG/SF,LAL,27.1,680,614,,,,,,,,,
583,Jericho Sims,PF/C,MIL,27.9,702,592,0.784,0.620,0.0,5.0,5.5,1.6,0.3,0.3,1.1
584,Shake Milton,PG/SG,LAL,30.0,758,560,,,,,,,,,
585,James Nnaji,C,FA,22.1,470,980,,,,,,,,,
586,Kobe Brown,SF/PF,IND,26.7,730,579,0.469,0.797,0.9,5.8,3.0,1.3,0.4,0.2,0.9
587,Malachi Flynn,PG,SA,28.4,407,1008,,,,,,,,,
588,James Bouknight,SG,FA,26.0,487,968,,,,,,,,,
589,JT Thor,PF,WAS,24.1,698,594,,,,,,,,,
590,Colby Jones,SG/SF,DET,24.3,704,590,0.333,0.000,0.0,2.0,4.0,2.0,0.0,0.0,0.0
591,Sidy Cissoko,SF/PF,POR,22.5,763,541,0.398,0.659,0.8,5.1,2.2,1.5,0.7,0.3,0.9
592,Kobi Simmons,PG,FA,29.2,239,1069,,,,,,,,,
593,Joshua Primo,SG,FA,23.8,402,1009,,,,,,,,,
594,Dalen Terry,SG/SF,GS,24.2,667,644,0.439,0.533,0.5,3.7,1.8,1.4,0.6,0.3,0.5
595,Mason Plumlee,C,SA,36.6,708,587,0.786,0.643,0.0,1.6,2.7,1.0,0.5,0.0,0.6
596,Jalen Pickett,PG/SG,LAC,26.9,750,571,0.422,0.789,1.0,5.2,2.3,2.3,0.3,0.1,0.7
597,Rayan Rupert,SG/SF,PHI,22.3,674,627,0.393,0.778,0.7,5.2,2.9,1.1,0.9,0.1,0.9
598,Kira Lewis Jr,PG/SG,FA,25.5,729,579,,,,,,,,,
599,Ricky Council IV,SG/SF,ORL,25.2,420,1003,,,,,,,,,
600,Orlando Robinson,C,ORL,26.2,745,573,0.600,0.000,0.3,1.8,1.0,0.8,0.3,0.0,0.0
601,Kenneth Lofton Jr.,PF/C,CHI,24.1,710,586,,,,,,,,,
602,Usman Garuba,PF/C,FA,25.6,462,986,,,,,,,,,
603,Keita Bates-Diop,SF/PF,NY,30.7,691,600,,,,,,,,,
604,Saben Lee,PG,FA,27.3,365,1025,,,,,,,,,
605,Patrick Baldwin Jr.,PF,SAC,23.9,716,584,0.407,0.714,0.7,3.7,2.6,0.6,0.3,0.6,0.6
606,Admiral Schofield,SF/PF,FA,29.5,714,585,,,,,,,,,
607,Dennis Smith Jr.,PG,FA,28.8,690,600,,,,,,,,,
608,Hamidou Diallo,SG,FA,28.2,374,1022,,,,,,,,,
609,Cedi Osman,SF/PF,FA,31.5,755,566,,,,,,,,,
610,Jordan McLaughlin,PG/SG,SA,30.5,757,564,0.418,0.857,0.4,2.0,0.7,0.9,0.5,0.0,0.3
611,Chris Boucher,PF/C,UTA,33.7,541,901,0.320,0.750,0.2,2.3,2.0,0.3,0.6,0.7,0.1
612,Wesley Matthews,SG,FA,40.0,699,594,,,,,,,,,
613,Oshae Brissett,SF/PF,PHI,28.3,391,1015,,,,,,,,,
614,Ishmail Wainright,SF/PF,FA,32.0,724,581,,,,,,,,,
615,Aleksandar Vezenkov,SF/PF,FA,31.1,746,573,,,,,,,,,
616,TyTy Washington Jr.,PG/SG,LAC,24.9,715,585,0.474,0.000,0.2,1.3,0.4,1.1,0.4,0.2,0.2
617,Taj Gibson,C,MEM,41.3,596,845,0.462,0.875,0.3,3.4,2.7,0.6,0.2,0.1,0.1
618,Victor Oladipo,PG/SG,FA,34.4,225,1081,,,,,,,,,
619,Kevin Knox II,SF/PF,GS,27.1,317,1044,,,,,,,,,
620,Micah Potter,PF/C,POR,28.5,,,0.515,0.842,1.5,9.7,5.0,1.5,0.5,0.3,1.0
621,Danilo Gallinari,SF,FA,38.1,474,977,,,,,,,,,
622,Torrey Craig,SF/PF,BOS,35.8,612,825,,,,,,,,,
623,JD Davison,PG/SG,ORL,24.0,592,852,0.375,0.684,0.3,2.5,1.2,1.3,0.2,0.2,0.3
624,A.J. Lawson,SG/SF,TOR,26.2,554,889,0.436,0.778,0.8,4.2,1.8,0.3,0.5,0.2,0.3
625,Nassir Little,SF/PF,MIA,26.6,748,572,,,,,,,,,
626,Kevon Harris,SG,HOU,29.3,372,1023,,,,,,,,,
627,Jordan Nwora,SF/PF,FA,28.1,230,1076,,,,,,,,,
628,Terry Taylor,PF,SAC,27.0,,,,,,,,,,,
629,Isaiah Roby,PF/C,FA,28.7,248,1065,,,,,,,,,
630,Yuta Watanabe,SF/PF,FA,32.0,696,595,,,,,,,,,
631,Davis Bertans,PF/C,FA,33.9,498,959,,,,,,,,,
632,Danuel House Jr.,SF,FA,33.3,473,977,,,,,,,,,
633,Damion Lee,SG/SF,PHO,33.9,626,801,,,,,,,,,
634,Josh Christopher,PG/SG,MIA,24.8,306,1048,,,,,,,,,
635,Joe Harris,SG/SF,FA,35.1,352,1028,,,,,,,,,
636,Kevin Love,PF/C,UTA,38.1,547,898,0.397,0.841,1.4,6.7,5.8,1.8,0.4,0.2,0.8
637,Chuma Okeke,PF,CLE,28.1,594,851,,,,,,,,,
638,Anthony Gill,PF/C,WAS,33.9,764,533,0.628,0.739,0.3,5.8,2.9,1.3,0.6,0.4,0.7
639,Braxton Key,SF/PF,GS,29.6,244,1067,,,,,,,,,
640,Kessler Edwards,PF/C,DEN,26.1,762,543,,,,,,,,,
641,Olivier Sarr,C,CLE,27.6,,,0.714,0.400,0.5,3.5,2.8,1.3,0.5,0.8,0.5
642,Thanasis Antetokounmpo,PF,MIL,34.2,275,1058,0.469,0.567,0.0,1.4,0.9,0.4,0.4,0.2,0.3
643,Isaiah Mobley,SF/PF,FA,27.0,721,582,,,,,,,,,
644,Marcus Morris Sr.,PF/C,NY,37.1,735,577,,,,,,,,,
645,Cory Joseph,PG,ORL,35.1,595,845,,,,,,,,,
646,Aaron Holiday,PG,HOU,30.0,559,886,0.417,0.854,1.2,5.5,1.0,1.1,0.5,0.1,0.7
647,Justin Holiday,SG/SF,FA,37.5,323,1041,,,,,,,,,
648,Jeff Green,PF/C,HOU,40.1,598,844,0.368,1.000,0.4,2.2,0.8,0.3,0.1,0.1,0.1
649,Wenyen Gabriel,PF/C,FA,29.5,,,,,,,,,,,
650,Cody Zeller,C,HOU,34.0,532,915,,,,,,,,,
651,Joe Ingles,SF/PF,MIN,39.0,589,856,0.593,1.000,0.3,1.5,0.7,1.3,0.3,0.1,0.5
652,Robin Lopez,C,FA,38.5,223,1083,,,,,,,,,
653,Alex Len,C,LAL,33.3,578,870,,,,,,,,,
654,Jack McVeigh,,HOU,30.3,522,932,,,,,,,,,
655,Troy Brown Jr.,SF/PF,FA,27.2,,,,,,,,,,,
656,Evan Fournier,SG/SF,FA,33.9,430,999,,,,,,,,,
657,Garrison Mathews,SG/SF,ATL,29.9,605,836,0.404,0.826,1.1,5.2,1.1,0.7,0.4,0.2,0.2
658,Damian Jones,C,FA,31.2,467,982,,,,,,,,,
659,Hunter Tyson,PF,BKN,26.3,410,1008,0.269,0.846,0.3,2.2,1.7,0.8,0.1,0.0,0.2
660,Khem Birch,C,FA,34.0,235,1073,,,,,,,,,
661,Darius Bazley,PF,FA,26.3,324,1040,,,,,,,,,
662,P.J. Tucker,PF,NY,41.4,607,834,,,,,,,,,
663,Furkan Korkmaz,SG/SF,FA,29.2,366,1025,,,,,,,,,
665,Duane Washington Jr.,SG,FA,26.5,463,984,,,,,,,,,
666,R.J. Hampton,PG/SG,FA,25.6,229,1077,,,,,,,,,
667,Ibou Badji,C,MIL,24.0,,,,,,,,,,,
668,Patty Mills,PG,LAC,38.1,,,,,,,,,,,
669,Otto Porter Jr.,SG/SF,FA,33.3,279,1057,,,,,,,,,
670,Montrezl Harrell,C,FA,32.7,308,1045,,,,,,,,,
671,JaVale McGee,C,FA,38.7,492,965,,,,,,,,,
672,Theo Maledon,PG,FA,25.3,340,1035,,,,,,,,,
673,Isaiah Todd,PF/C,FA,25.0,309,1045,,,,,,,,,
674,Udoka Azubuike,C,FA,27.0,511,946,,,,,,,,,
675,Reggie Bullock,SF/PF,FA,35.5,480,972,,,,,,,,,
676,Vlatko Cancar,PF/C,DEN,29.5,566,880,,,,,,,,,
677,PJ Dozier,SG,MIN,29.9,543,899,,,,,,,,,
678,Malcolm Hill,,NO,30.9,367,1024,,,,,,,,,
679,Mason Jones,SG/SF,SAC,28.2,378,1021,,,,,,,,,
680,DJ Steward,,CHI,25.0,233,1075,,,,,,,,,
681,D.J. Carton,,TOR,26.1,343,1034,,,,,,,,,
682,David Duke Jr.,,SA,27.0,321,1042,,,,,,,,,
683,Keaton Wallace,PG,ATL,27.6,507,955,0.398,0.667,0.7,3.5,1.1,1.8,0.5,0.1,0.5
684,Jeff Dowtin Jr.,PG/SG,PHI,29.4,269,1059,,,,,,,,,
685,Jermaine Samuels Jr.,,HOU,27.9,460,986,,,,,,,,,
686,Quenton Jackson,PG/SG,IND,28.0,,,0.470,0.824,0.9,9.1,2.3,2.9,0.6,0.1,1.3
687,Daeqwon Plowden,SG/SF,SAC,28.1,262,1061,0.430,0.857,1.9,10.8,3.0,1.3,0.7,0.2,0.8
688,Alex O'Connell,,NY,27.3,336,1036,,,,,,,,,
689,Jaylen Clark,SG/SF,MIN,25.0,,,0.436,0.657,0.5,4.0,1.8,0.6,0.7,0.1,0.3
690,Colin Castleton,PF/C,ORL,26.3,255,1064,0.400,1.000,0.0,1.3,2.0,0.3,0.3,0.0,0.5
691,Alex Fudge,,DAL,23.4,398,1010,,,,,,,,,
692,Jaylen Martin,,WAS,22.7,294,1051,,,,,,,,,
693,Jacob Toppin,,ATL,26.4,342,1034,0.667,0.000,0.0,1.6,0.4,0.2,0.0,0.2,0.0
694,Drew Peterson,,CHA,26.9,349,1029,0.125,0.500,0.0,0.8,1.5,0.3,0.5,0.2,0.0
695,Jazian Gortman,,DAL,23.5,311,1045,,,,,,,,,
696,Adam Flagler,,SAC,26.8,333,1038,,,,,,,,,
697,Oscar Tshiebwe,PF/C,HOU,26.8,320,1042,0.634,0.551,0.0,7.8,6.6,1.2,0.6,0.2,0.8
698,Taevion Kinsey,,UTA,26.6,,,,,,,,,,,
699,Leaky Black,SF/PF,WAS,27.3,263,1061,0.388,0.875,1.3,7.1,5.0,1.5,1.2,0.5,0.9
700,Onuralp Bitim,,CHI,27.5,,,,,,,,,,,
701,Jaylin Galloway,,MIL,23.8,302,1050,,,,,,,,,
702,Justin Edwards,SF/PF,PHI,22.8,329,1039,0.447,0.846,1.1,6.0,1.5,1.3,0.8,0.2,0.6
703,Antonio Reeves,SG/SF,CHA,25.9,316,1044,0.500,0.000,0.7,2.7,0.8,0.3,0.1,0.0,0.1
704,Harrison Ingram,SF,UTA,23.8,,,0.833,0.000,0.1,1.6,0.4,0.1,0.0,0.0,0.1
705,Melvin Ajinca,SF,DAL,22.3,423,1001,,,,,,,,,
706,Anton Watson,,NY,26.0,337,1036,,,,,,,,,
707,N'Faly Dante,C,ATL,24.9,411,1007,0.250,1.000,0.0,0.8,1.8,0.0,0.5,0.0,0.3
708,Isaiah Crawford,,HOU,24.9,354,1027,0.417,0.833,0.2,2.0,1.1,0.4,0.1,0.2,0.3
709,Armel Traore,,LAL,23.7,488,968,,,,,,,,,
710,Reece Beekman,PG,BKN,25.0,300,1050,,,,,,,,,
711,Blake Hinson,,UTA,26.8,226,1080,0.513,0.750,2.6,11.9,2.4,1.1,0.4,0.1,0.4
712,Isaac Jones,PF/C,DET,26.2,,,0.429,0.750,0.0,1.3,0.7,0.1,0.0,0.1,0.1
713,Trentyn Flowers,,CHI,21.6,446,991,0.667,0.000,0.0,2.0,0.5,0.5,0.0,0.0,0.5
714,Branden Carlson,C,POR,27.3,256,1064,0.527,0.577,0.7,5.8,3.0,0.7,0.2,0.6,0.4
715,Alex Ducas,,OKC,25.8,259,1062,,,,,,,,,
716,Jaylin Williams,,DEN,26.2,268,1059,,,,,,,,,
717,Xavier Johnson,,DAL,26.6,363,1025,,,,,,,,,
718,Tyler Wahl,,MIN,25.6,353,1028,,,,,,,,,
719,Quincy Guerrier,,TOR,27.4,438,994,,,,,,,,,
720,Quincy Olivari,,LAL,25.3,,,,,,,,,,,
721,Max Fiedler,,PHI,25.6,267,1060,,,,,,,,,
722,KJ Jones II,,BKN,26.5,468,981,,,,,,,,,
723,Malevy Leons,PF,GS,27.0,418,1004,0.444,0.789,0.2,3.3,2.1,0.9,0.6,0.3,0.5
724,Mark Armstrong,,BKN,22.6,417,1005,,,,,,,,,
725,Josh Oduro,,NO,26.0,288,1053,0.647,0.500,0.0,8.3,7.7,1.3,0.0,0.0,0.7
726,Jamison Battle,SF/PF,TOR,25.4,237,1071,0.510,0.643,0.6,3.1,1.5,0.4,0.1,0.0,0.3
727,Max Abmas,,UTA,25.5,439,993,,,,,,,,,
728,Boogie Ellis,,SAC,25.8,628,792,,,,,,,,,
729,Jacky Cui,,BKN,23.3,529,920,,,,,,,,,
730,Boo Buie,,NY,26.8,361,1026,,,,,,,,,
731,Tyrese Samuel,,PHO,26.6,458,987,,,,,,,,,
732,Tristan Enaruna,,CLE,25.3,368,1024,0.500,0.750,0.3,4.1,1.6,0.8,0.6,0.0,0.3
733,Armando Bacot,,MEM,26.6,397,1011,,,,,,,,,
734,Marcus Domask,,CHI,26.3,435,996,,,,,,,,,
735,Sean East II,,LAL,26.9,,,,,,,,,,,
736,Jahmir Young,,MIA,26.1,459,986,0.400,1.000,0.2,1.8,0.3,0.6,0.1,0.0,0.2
737,Gabe McGlothan,,BOS,27.6,245,1066,,,,,,,,,
738,Josiah-Jordan James,,IND,26.1,536,907,,,,,,,,,
739,Isaiah Stevens,PG,SAC,25.9,278,1057,0.429,1.000,0.0,3.3,1.0,3.3,1.7,0.0,0.7
740,Aaron Estrada,,DET,25.7,464,984,,,,,,,,,
741,Emanuel Miller,,SA,26.3,377,1021,0.462,0.500,0.4,3.0,0.6,0.8,0.4,0.0,0.0
742,Keisei Tominaga,,IND,25.7,494,964,,,,,,,,,
743,Samkelo Cele,,NY,28.8,436,995,,,,,,,,,
744,Thaddeus Young,PF/C,FA,38.3,404,1009,,,,,,,,,
745,Mike Muscala,PF/C,FA,35.2,679,616,,,,,,,,,
746,Dylan Windler,SF,FA,30.0,421,1002,,,,,,,,,
747,Moses Brown,C,DAL,27.0,,,,,,,,,,,
748,Jae Crowder,SF/PF,SAC,36.2,346,1032,,,,,,,,,
749,Danny Green,SG,FA,39.3,442,993,,,,,,,,,
750,Frank Ntilikina,PG,FA,28.2,516,939,,,,,,,,,
751,Garrett Temple,PG/SG,TOR,40.4,551,895,0.267,0.667,0.1,0.8,0.4,0.4,0.2,0.1,0.3
752,Nate Hinton,SG/SF,HOU,27.3,307,1046,,,,,,,,,
753,Mamadi Diakite,PF,PHO,29.7,437,995,,,,,,,,,
754,Jason Preston,PG,UTA,27.1,518,938,,,,,,,,,
755,Eugene Omoruyi,SF/PF,MIN,29.6,424,1001,,,,,,,,,
756,Daishen Nix,PG,SAC,24.6,527,924,,,,,,,,,
757,Lindy Waters III,SG/SF,SA,29.2,396,1011,0.375,0.667,0.7,2.4,0.7,0.5,0.2,0.0,0.2
758,Matt Ryan,SF,NY,29.5,553,890,,,,,,,,,
759,EJ Liddell,PF/C,BKN,25.8,588,856,0.486,0.808,0.7,5.7,2.7,0.9,0.2,0.4,0.6
760,Kendall Brown,SF,IND,23.4,450,989,,,,,,,,,
761,Buddy Boeheim,SF,OKC,26.9,582,867,0.333,0.000,0.5,1.5,0.0,0.0,0.0,0.0,0.0
762,Alondes Williams,SG/SF,WAS,27.3,514,944,0.615,0.875,1.3,11.0,6.3,3.0,0.8,0.8,1.3
763,Cole Swider,PF,DET,27.4,454,987,,,,,,,,,
764,Stanley Umude,SG,SA,27.5,453,988,0.500,0.000,0.0,1.0,0.0,0.5,0.5,0.0,0.0
765,Jamal Cain,SG/SF,ORL,27.5,546,898,0.487,0.848,0.7,5.4,2.0,0.7,0.3,0.1,0.5
766,Nate Williams,SF,GS,27.6,419,1004,0.489,0.867,0.9,8.0,2.1,1.0,0.4,0.0,1.1
767,Justin Minaya,SG/SF,POR,27.5,272,1059,,,,,,,,,
768,Julian Phillips,SF/PF,HOU,22.9,395,1012,0.421,0.783,0.4,2.9,1.0,0.2,0.5,0.1,0.2
769,Maxwell Lewis,SG/SF,BKN,24.2,552,891,,,,,,,,,
770,Seth Lundy,SF,LAC,26.5,426,1000,,,,,,,,,
771,Chris Livingston,SF,CLE,23.0,232,1075,0.571,1.000,0.0,3.0,1.0,0.3,0.3,0.0,0.0
772,Adama Sanogo,C,CHI,24.6,540,901,,,,,,,,,
773,Tristan Thompson,C,CLE,35.5,210,1098,,,,,,,,,
775,James Johnson,PF,IND,39.6,469,980,,,,,,,,,
777,DeAndre Jordan,C,NO,38.2,629,786,0.656,0.647,0.0,4.4,6.3,0.9,0.3,0.8,0.8
