player	team	pick
Cameron Boozer	Todd	1.1
Darryn Peterson	Jon	1.2
AJ Dybantsa	Mitch	1.3
Caleb Wilson	Mitch	1.4
Darius Acuff	Matthew	1.5
Brayden Burries	Matthew	1.6
Mikel Brown	Joe	1.7
Keaton Wagler	Mitch	1.8
Kingston Flemings	Mitch	1.9
Morez Johnson	Mitch	1.10
Hannes Steinbach	Jon	1.11
Yaxel Lendeborg	Michael	1.12
Allen Graves	Jon	2.1
Ebuka Okorie	Jon	2.2
Sergio De Larrea	Mitch	2.3
Dailyn Swain	Todd	2.4
Bennett Stirtz	Matthew	2.5
Nate Ament	Hlina	2.6
Aday Mara	Joe	2.7
Karim Lopez	Todd	2.8
Chris Cenac	Hlina	2.9
Meleek Thomas	Jon	2.10
Cameron Carr	Michael	2.11
Alex Karaban	Michael	2.12
Christian Anderson	Todd	3.1
Koa Peat	Josh	3.2
Bruce Thornton	Todd	3.3
Joshua Jefferson	Henry	3.4
Jayden Quaintance	Matthew	3.5
Labaron Philon	Hlina	3.6
Zuby Ejiofor	Chris	3.7
Baba Miller	Brian	3.8
Otega Oweh	Henry	3.9
Ryan Conwell	Josh	3.10
Tarris Reed	Mitch	3.11
Braden Smith	Michael	3.12
