year	round	slot	rank	value	p25	p75	w	provenance
2027	1	01	28	7790	7245	8335	0.5605	engine
2027	1	02	36	7246	6739	7753	0.5605	engine
2027	1	03	44	6741	6269	7213	0.5605	engine
2027	1	04	51	6270	5831	6709	0.5605	engine
2027	1	05	59	5833	5425	6241	0.5605	engine
2027	1	06	67	5426	5046	5806	0.5605	engine
2027	1	07	75	5047	4694	5400	0.5605	engine
2027	1	08	83	4695	4366	5024	0.5605	engine
2027	1	09	91	4367	4061	4673	0.5605	engine
2027	1	10	98	4062	3778	4346	0.5605	engine
2027	1	11	106	3779	3514	4044	0.5605	engine
2027	1	12	114	3515	3269	3761	0.5605	engine
2027	2	01	128	3100	2883	3317	0	engine
2027	2	02	135	2902	2699	3105	0	engine
2027	2	03	142	2717	2527	2907	0	engine
2027	2	04	149	2543	2365	2721	0	engine
2027	2	05	156	2381	2214	2548	0	engine
2027	2	06	163	2229	2073	2385	0	engine
2027	2	07	170	2086	1940	2232	0	engine
2027	2	08	178	1953	1816	2090	0	engine
2027	2	09	185	1828	1700	1956	0	engine
2027	2	10	192	1712	1592	1832	0	engine
2027	2	11	199	1602	1490	1714	0	engine
2027	2	12	206	1500	1395	1605	0	engine
2027	3	01	226	1250	1163	1338	0	engine
2027	3	02	234	1160	1079	1241	0	engine
2027	3	03	242	1077	1002	1152	0	engine
2027	3	04	250	999	929	1069	0	engine
2027	3	05	258	927	862	992	0	engine
2027	3	06	266	861	801	921	0	engine
2027	3	07	274	799	743	855	0	engine
2027	3	08	282	741	689	793	0	engine
2027	3	09	290	688	640	736	0	engine
2027	3	10	298	639	594	684	0	engine
2027	3	11	306	593	551	635	0	engine
2027	3	12	315	550	511	589	0	engine
2027	4	01	296	650	605	696	0	engine
2027	4	02	304	606	564	648	0	engine
2027	4	03	312	565	525	605	0	engine
2027	4	04	319	526	489	563	0	engine
2027	4	05	327	491	457	525	0	engine
2027	4	06	335	457	425	489	0	engine
2027	4	07	342	426	396	456	0	engine
2027	4	08	350	397	369	425	0	engine
2027	4	09	357	370	344	396	0	engine
2027	4	10	365	345	321	369	0	engine
2027	4	11	372	322	299	345	0	engine
2027	4	12	380	300	279	321	0	engine
2028	1	01	70	5297	4661	5933	0.4753	engine
2028	1	02	77	4928	4337	5519	0.4753	engine
2028	1	03	85	4584	4034	5134	0.4753	engine
2028	1	04	93	4264	3752	4776	0.4753	engine
2028	1	05	101	3966	3490	4442	0.4753	engine
2028	1	06	109	3689	3246	4132	0.4753	engine
2028	1	07	117	3432	3020	3844	0.4753	engine
2028	1	08	124	3192	2809	3575	0.4753	engine
2028	1	09	132	2970	2614	3326	0.4753	engine
2028	1	10	140	2762	2431	3093	0.4753	engine
2028	1	11	148	2570	2262	2878	0.4753	engine
2028	1	12	156	2390	2103	2677	0.4753	engine
2028	2	01	169	2108	1855	2361	0	engine
2028	2	02	176	1973	1736	2210	0	engine
2028	2	03	184	1847	1625	2069	0	engine
2028	2	04	191	1729	1522	1936	0	engine
2028	2	05	198	1619	1425	1813	0	engine
2028	2	06	205	1516	1334	1698	0	engine
2028	2	07	212	1419	1249	1589	0	engine
2028	2	08	219	1328	1169	1487	0	engine
2028	2	09	226	1243	1094	1392	0	engine
2028	2	10	233	1164	1024	1304	0	engine
2028	2	11	241	1090	959	1221	0	engine
2028	2	12	248	1020	898	1142	0	engine
2028	3	01	267	850	748	952	0.2325	engine
2028	3	02	276	789	694	884	0.2325	engine
2028	3	03	284	732	644	820	0.2325	engine
2028	3	04	292	679	598	760	0.2325	engine
2028	3	05	300	631	555	707	0.2325	engine
2028	3	06	308	585	515	655	0.2325	engine
2028	3	07	316	543	478	608	0.2325	engine
2028	3	08	324	504	444	564	0.2325	engine
2028	3	09	332	468	412	524	0.2325	engine
2028	3	10	340	434	382	486	0.2325	engine
2028	3	11	348	403	355	451	0.2325	engine
2028	3	12	356	374	329	419	0.2325	engine
2028	4	01	338	442	389	495	0	engine
2028	4	02	346	412	363	461	0	engine
2028	4	03	353	384	338	430	0	engine
2028	4	04	361	358	315	401	0	engine
2028	4	05	368	334	294	374	0	engine
2028	4	06	376	311	274	348	0	engine
2028	4	07	384	290	255	325	0	engine
2028	4	08	391	270	238	302	0	engine
2028	4	09	399	252	222	282	0	engine
2028	4	10	406	235	207	263	0	engine
2028	4	11	414	219	193	245	0	engine
2028	4	12	422	204	180	228	0	engine
2029	1	01	111	3602	2990	4214	0	engine
2029	1	02	119	3351	2781	3921	0	engine
2029	1	03	127	3117	2587	3647	0	engine
2029	1	04	135	2899	2406	3392	0	engine
2029	1	05	143	2697	2239	3155	0	engine
2029	1	06	150	2509	2082	2936	0	engine
2029	1	07	158	2334	1937	2731	0	engine
2029	1	08	166	2171	1802	2540	0	engine
2029	1	09	174	2019	1676	2362	0	engine
2029	1	10	182	1878	1559	2197	0	engine
2029	1	11	190	1747	1450	2044	0	engine
2029	1	12	197	1625	1349	1901	0	engine
2029	2	01	211	1433	1189	1677	0	engine
2029	2	02	218	1342	1114	1570	0	engine
2029	2	03	225	1256	1042	1470	0	engine
2029	2	04	232	1176	976	1376	0	engine
2029	2	05	240	1101	914	1288	0	engine
2029	2	06	247	1031	856	1206	0	engine
2029	2	07	254	965	801	1129	0	engine
2029	2	08	261	903	749	1057	0	engine
2029	2	09	268	845	701	989	0	engine
2029	2	10	275	791	657	925	0	engine
2029	2	11	282	741	615	867	0	engine
2029	2	12	289	694	576	812	0	engine
2029	3	01	309	578	480	676	0.1392	engine
2029	3	02	317	536	445	627	0.1392	engine
2029	3	03	325	498	413	583	0.1392	engine
2029	3	04	333	462	383	541	0.1392	engine
2029	3	05	341	429	356	502	0.1392	engine
2029	3	06	350	398	330	466	0.1392	engine
2029	3	07	358	369	306	432	0.1392	engine
2029	3	08	366	343	285	401	0.1392	engine
2029	3	09	374	318	264	372	0.1392	engine
2029	3	10	382	295	245	345	0.1392	engine
2029	3	11	390	274	227	321	0.1392	engine
2029	3	12	398	254	211	297	0.1392	engine
2029	4	01	380	301	250	352	0	engine
2029	4	02	388	280	232	328	0	engine
2029	4	03	395	261	217	305	0	engine
2029	4	04	403	243	202	284	0	engine
2029	4	05	410	227	188	266	0	engine
2029	4	06	418	211	175	247	0	engine
2029	4	07	426	197	164	230	0	engine
2029	4	08	433	184	153	215	0	engine
2029	4	09	441	171	142	200	0	engine
2029	4	10	448	160	133	187	0	engine
2029	4	11	456	149	124	174	0	engine
2029	4	12	463	139	115	163	0	engine
